BiGG ID	metabolite names	formula	metaboliteLCSBID
10fthf_c	10-Formyltetrahydrofolate	C20H21N7O7	1467868643
12dgr120_c	1,2-Diacyl-sn-glycerol (didodecanoyl, n-C12:0)	C27H52O5	None
12dgr120_p	1,2-Diacyl-sn-glycerol (didodecanoyl, n-C12:0)	C27H52O5	None
12dgr140_c	1,2-Diacyl-sn-glycerol (ditetradecanoyl, n-C14:0)	C31H60O5	None
12dgr140_p	1,2-Diacyl-sn-glycerol (ditetradecanoyl, n-C14:0)	C31H60O5	None
12dgr141_c	1,2-Diacyl-sn-glycerol (ditetradec-7-enoyl, n-C14:1)	C31H56O5	None
12dgr141_p	1,2-Diacyl-sn-glycerol (ditetradec-7-enoyl, n-C14:1)	C31H56O5	None
12dgr160_c	1,2-Diacyl-sn-glycerol (dihexadecanoyl, n-C16:0)	C35H68O5	None
12dgr160_p	1,2-Diacyl-sn-glycerol (dihexadecanoyl, n-C16:0)	C35H68O5	None
12dgr161_c	1,2-Diacyl-sn-glycerol (dihexadec-9-enoyl, n-C16:1)	C35H64O5	None
12dgr161_p	1,2-Diacyl-sn-glycerol (dihexadec-9-enoyl, n-C16:1)	C35H64O5	None
12dgr180_c	1,2-Diacyl-sn-glycerol (dioctadecanoyl, n-C18:0)	C39H76O5	None
12dgr180_p	1,2-Diacyl-sn-glycerol (dioctadecanoyl, n-C18:0)	C39H76O5	None
12dgr181_c	1,2-Diacyl-sn-glycerol (dioctadec-11-enoyl, n-C18:1)	C39H72O5	None
12dgr181_p	1,2-Diacyl-sn-glycerol (dioctadec-11-enoyl, n-C18:1)	C39H72O5	None
12ppd__R_c	(R)-Propane-1,2-diol	C3H8O2	1467872558
12ppd__R_e	(R)-Propane-1,2-diol	C3H8O2	1467872558
12ppd__R_p	(R)-Propane-1,2-diol	C3H8O2	1467872558
12ppd__S_c	(S)-Propane-1,2-diol	C3H8O2	1467872558
12ppd__S_e	(S)-Propane-1,2-diol	C3H8O2	1467872558
12ppd__S_p	(S)-Propane-1,2-diol	C3H8O2	1467872558
13dpg_c	3-Phospho-D-glyceroyl phosphate	C3H4O10P2	1467868676
14dhncoa_c	1,4-dihydroxy-2-napthoyl-CoA	C32H38N7O19P3S	1468002384
14glucan_c	1,4-alpha-D-glucan	C36H62O31	1468002384
14glucan_e	1,4-alpha-D-glucan	C36H62O31	1468002384
14glucan_p	1,4-alpha-D-glucan	C36H62O31	1468002384
15dap_c	1,5-Diaminopentane	C5H16N2	1467882438
15dap_e	1,5-Diaminopentane	C5H16N2	1467882438
15dap_p	1,5-Diaminopentane	C5H16N2	1467882438
1agpe120_p	1-Acyl-sn-glycero-3-phosphoethanolamine (n-C12:0)	C17H36NO7P1	None
1agpe140_p	1-Acyl-sn-glycero-3-phosphoethanolamine (n-C14:0)	C19H40NO7P1	None
1agpe141_p	1-Acyl-sn-glycero-3-phosphoethanolamine (n-C14:1)	C19H38NO7P1	None
1agpe160_p	1-Acyl-sn-glycero-3-phosphoethanolamine (n-C16:0)	C21H44NO7P1	1469417723
1agpe161_p	1-Acyl-sn-glycero-3-phosphoethanolamine (n-C16:1)	C21H42NO7P1	None
1agpe180_p	1-Acyl-sn-glycero-3-phosphoethanolamine (n-C18:0)	C23H48NO7P1	None
1agpe181_p	1-Acyl-sn-glycero-3-phosphoethanolamine (n-C18:1)	C23H46NO7P1	None
1agpg120_p	1-Acyl-sn-glycero-3-phosphoglycerol (n-C12:0)	C18H36O9P1	1469340620
1agpg140_p	1-Acyl-sn-glycero-3-phosphoglycerol (n-C14:0)	C20H40O9P1	1468278758
1agpg141_p	1-Acyl-sn-glycero-3-phosphoglycerol (n-C14:1)	C20H38O9P1	None
1agpg160_p	1-Acyl-sn-glycero-3-phosphoglycerol (n-C16:0)	C22H44O9P1	1468098507
1agpg161_p	1-Acyl-sn-glycero-3-phosphoglycerol (n-C16:1)	C22H42O9P1	None
1agpg180_p	1-Acyl-sn-glycero-3-phosphoglycerol (n-C18:0)	C24H48O9P1	1468278765
1agpg181_p	1-Acyl-sn-glycero-3-phosphoglycerol (n-C18:1)	C24H46O9P1	None
1ddecg3p_c	1-dodecanoyl-sn-glycerol 3-phosphate	C15H29O7P1	1468225787
1ddecg3p_p	1-dodecanoyl-sn-glycerol 3-phosphate	C15H29O7P1	1468225787
1hdec9eg3p_c	1-hexadec-9-enoyl-sn-glycerol 3-phosphate	C19H35O7P1	None
1hdec9eg3p_p	1-hexadec-9-enoyl-sn-glycerol 3-phosphate	C19H35O7P1	None
1hdecg3p_c	1-hexadecanoyl-sn-glycerol 3-phosphate	C19H37O7P1	None
1hdecg3p_p	1-hexadecanoyl-sn-glycerol 3-phosphate	C19H37O7P1	None
1odec11eg3p_c	1-octadec-11-enoyl-sn-glycerol 3-phosphate	C21H39O7P1	None
1odec11eg3p_p	1-octadec-11-enoyl-sn-glycerol 3-phosphate	C21H39O7P1	None
1odecg3p_c	1-octadecanoyl-sn-glycerol 3-phosphate	C21H41O7P1	1468290577
1odecg3p_p	1-octadecanoyl-sn-glycerol 3-phosphate	C21H41O7P1	1468290577
1pyr5c_c	1-Pyrroline-5-carboxylate	C5H6NO2	1467899307
1tdec7eg3p_c	1-tetradec-7-enoyl-sn-glycerol 3-phosphate	C17H31O7P1	None
1tdec7eg3p_p	1-tetradec-7-enoyl-sn-glycerol 3-phosphate	C17H31O7P1	None
1tdecg3p_c	1-tetradecanoyl-sn-glycerol 3-phosphate	C17H33O7P1	1468225732
1tdecg3p_p	1-tetradecanoyl-sn-glycerol 3-phosphate	C17H33O7P1	1468225732
23camp_e	2',3'-Cyclic AMP	C10H11N5O6P	1467888240
23camp_p	2',3'-Cyclic AMP	C10H11N5O6P	1467888240
23ccmp_e	2',3'-Cyclic CMP	C9H11N3O7P	1467888250
23ccmp_p	2',3'-Cyclic CMP	C9H11N3O7P	1467888250
23cgmp_e	2',3'-Cyclic GMP	C10H11N5O7P	1467915818
23cgmp_p	2',3'-Cyclic GMP	C10H11N5O7P	1467915818
23cump_e	2',3'-Cyclic UMP	C9H10N2O8P	1467888259
23cump_p	2',3'-Cyclic UMP	C9H10N2O8P	1467888259
23dappa_c	2,3-diaminopropionate	C3H9N2O2	1467895798
23dappa_e	2,3-diaminopropionate	C3H9N2O2	1467895798
23dappa_p	2,3-diaminopropionate	C3H9N2O2	1467895798
23ddhb_c	2,3-Dihydro-2,3-dihydroxybenzoate	C7H7O4	1467901155
23dhacoa_c	2,3-dehydroadipyl-CoA	C27H37N7O19P3S	1467987972
23dhb_c	2,3-Dihydroxybenzoate	C7H5O4	1467868175
23dhba_c	(2,3-Dihydroxybenzoyl)adenylate	C17H17N5O10P	1467900096
23dhbzs_c	2,3-dihydroxybenzoylserine	C10H10NO6	1467901338
23dhdp_c	2,3-Dihydrodipicolinate	C7H5NO4	1467895413
23dhmb_c	(R)-2,3-Dihydroxy-3-methylbutanoate	C5H9O4	1467900157
23dhmp_c	(R)-2,3-Dihydroxy-3-methylpentanoate	C6H11O4	1467900662
23doguln_c	2,3-Dioxo-L-gulonate	C6H7O7	1467903963
25aics_c	(S)-2-[5-Amino-1-(5-phospho-D-ribosyl)imidazole-4-carboxamido]succinate	C13H15N4O12P	1467905854
25dkglcn_c	2,5-diketo-D-gluconate	C6H7O7	1467891315
25drapp_c	2,5-Diamino-6-(ribosylamino)-4-(3H)-pyrimidinone 5'-phosphate	C9H14N5O8P	1467879639
26dap_LL_c	LL-2,6-Diaminoheptanedioate	C7H14N2O4	1467873336
26dap__M_c	Meso-2,6-Diaminoheptanedioate	C7H14N2O4	1467873336
26dap__M_e	Meso-2,6-Diaminoheptanedioate	C7H14N2O4	1467873336
26dap__M_p	Meso-2,6-Diaminoheptanedioate	C7H14N2O4	1467873336
2agpe120_c	2-Acyl-sn-glycero-3-phosphoethanolamine (n-C12:0)	C17H36NO7P1	1469377265
2agpe120_p	2-Acyl-sn-glycero-3-phosphoethanolamine (n-C12:0)	C17H36NO7P1	1469377265
2agpe140_c	2-Acyl-sn-glycero-3-phosphoethanolamine (n-C14:0)	C19H40NO7P1	1469398247
2agpe140_p	2-Acyl-sn-glycero-3-phosphoethanolamine (n-C14:0)	C19H40NO7P1	1469398247
2agpe141_c	2-Acyl-sn-glycero-3-phosphoethanolamine (n-C14:1)	C19H38NO7P1	None
2agpe141_p	2-Acyl-sn-glycero-3-phosphoethanolamine (n-C14:1)	C19H38NO7P1	None
2agpe160_c	2-Acyl-sn-glycero-3-phosphoethanolamine (n-C16:0)	C21H44NO7P1	1469431471
2agpe160_p	2-Acyl-sn-glycero-3-phosphoethanolamine (n-C16:0)	C21H44NO7P1	1469431471
2agpe161_c	2-Acyl-sn-glycero-3-phosphoethanolamine (n-C16:1)	C21H42NO7P1	None
2agpe161_p	2-Acyl-sn-glycero-3-phosphoethanolamine (n-C16:1)	C21H42NO7P1	None
2agpe180_c	2-Acyl-sn-glycero-3-phosphoethanolamine (n-C18:0)	C23H48NO7P1	1469346128
2agpe180_p	2-Acyl-sn-glycero-3-phosphoethanolamine (n-C18:0)	C23H48NO7P1	1469346128
2agpe181_c	2-Acyl-sn-glycero-3-phosphoethanolamine (n-C18:1)	C23H46NO7P1	None
2agpe181_p	2-Acyl-sn-glycero-3-phosphoethanolamine (n-C18:1)	C23H46NO7P1	None
2agpg120_c	2-Acyl-sn-glycero-3-phosphoglycerol (n-C12:0)	C18H36O9P1	None
2agpg120_p	2-Acyl-sn-glycero-3-phosphoglycerol (n-C12:0)	C18H36O9P1	None
2agpg140_c	2-Acyl-sn-glycero-3-phosphoglycerol (n-C14:0)	C20H40O9P1	1469355392
2agpg140_p	2-Acyl-sn-glycero-3-phosphoglycerol (n-C14:0)	C20H40O9P1	1469355392
2agpg141_c	2-Acyl-sn-glycero-3-phosphoglycerol (n-C14:1)	C20H38O9P1	None
2agpg141_p	2-Acyl-sn-glycero-3-phosphoglycerol (n-C14:1)	C20H38O9P1	None
2agpg160_c	2-Acyl-sn-glycero-3-phosphoglycerol (n-C16:0)	C22H44O9P1	1469355552
2agpg160_p	2-Acyl-sn-glycero-3-phosphoglycerol (n-C16:0)	C22H44O9P1	1469355552
2agpg161_c	2-Acyl-sn-glycero-3-phosphoglycerol (n-C16:1)	C22H42O9P1	None
2agpg161_p	2-Acyl-sn-glycero-3-phosphoglycerol (n-C16:1)	C22H42O9P1	None
2agpg180_c	2-Acyl-sn-glycero-3-phosphoglycerol (n-C18:0)	C24H48O9P1	1469359735
2agpg180_p	2-Acyl-sn-glycero-3-phosphoglycerol (n-C18:0)	C24H48O9P1	1469359735
2agpg181_c	2-Acyl-sn-glycero-3-phosphoglycerol (n-C18:1)	C24H46O9P1	None
2agpg181_p	2-Acyl-sn-glycero-3-phosphoglycerol (n-C18:1)	C24H46O9P1	None
2ahbut_c	(S)-2-Aceto-2-hydroxybutanoate	C6H9O4	1467873274
2amsa_c	2-Aminomalonate semialdehyde	C3H5NO3	1467974152
2aobut_c	L-2-Amino-3-oxobutanoate	C4H7NO3	1467894577
2cpr5p_c	1-(2-Carboxyphenylamino)-1-deoxy-D-ribulose 5-phosphate	C12H13NO9P	1467879628
2dda7p_c	2-Dehydro-3-deoxy-D-arabino-heptonate 7-phosphate	C7H10O10P	1467904896
2ddecg3p_c	2-dodecanoyl-sn-glycerol 3-phosphate	C15H30O7P1	None
2ddecg3p_p	2-dodecanoyl-sn-glycerol 3-phosphate	C15H30O7P1	None
2ddg6p_c	2-Dehydro-3-deoxy-D-gluconate 6-phosphate	C6H8O9P	1467879477
2ddglcn_c	2-Dehydro-3-deoxy-D-gluconate	C6H9O6	1467868279
2ddglcn_e	2-Dehydro-3-deoxy-D-gluconate	C6H9O6	1467868279
2ddglcn_p	2-Dehydro-3-deoxy-D-gluconate	C6H9O6	1467868279
2dh3dgal6p_c	2-Dehydro-3-deoxy-D-galactonate 6-phosphate	C6H8O9P	1467879477
2dh3dgal_c	2-Dehydro-3-deoxy-D-galactonate	C6H9O6	1467868279
2dhguln_c	2-Dehydro-L-gulonate	C6H9O7	1467895440
2dhp_c	2-Dehydropantoate	C6H9O4	1467876437
2dmmq8_c	2-Demethylmenaquinone 8	C50H70O2	1468167761
2dmmql8_c	2-Demethylmenaquinol 8	C50H72O2	1468219387
2dr1p_c	2-Deoxy-D-ribose 1-phosphate	C5H9O7P	1467873411
2dr5p_c	2-Deoxy-D-ribose 5-phosphate	C5H9O7P	1467873423
2fe1s_c	[2Fe-1S] desulfurated iron-sulfur cluster	SFe2	None
2fe2s_c	[2Fe-2S] iron-sulfur cluster	S2Fe2	None
2h3oppan_c	2-Hydroxy-3-oxopropanoate	C3H3O4	1467878117
2hdec9eg3p_c	2-hexadec-9-enoyl-sn-glycerol 3-phosphate	C19H36O7P1	None
2hdec9eg3p_p	2-hexadec-9-enoyl-sn-glycerol 3-phosphate	C19H36O7P1	None
2hdecg3p_c	2-hexadecanoyl-sn-glycerol 3-phosphate	C19H38O7P1	1469419673
2hdecg3p_p	2-hexadecanoyl-sn-glycerol 3-phosphate	C19H38O7P1	1469419673
2ippm_c	2-Isopropylmaleate	C7H8O4	1467890172
2mahmp_c	2-Methyl-4-amino-5-hydroxymethylpyrimidine diphosphate	C6H8N3O7P2	2594274992
2mcacn_c	Cis-2-Methylaconitate	C7H5O6	1467901504
2mcit_c	2-Methylcitrate	C7H7O7	1467887229
2me4p_c	2-C-methyl-D-erythritol 4-phosphate	C5H11O7P	1467970420
2mecdp_c	2-C-methyl-D-erythritol 2,4-cyclodiphosphate	C5H10O9P2	1467970558
2obut_c	2-Oxobutanoate	C4H5O3	1467866997
2odec11eg3p_c	2-octadec-11-enoyl-sn-glycerol 3-phosphate	C21H40O7P1	None
2odec11eg3p_p	2-octadec-11-enoyl-sn-glycerol 3-phosphate	C21H40O7P1	None
2odecg3p_c	2-octadecanoyl-sn-glycerol 3-phosphate	C21H42O7P1	1469343485
2odecg3p_p	2-octadecanoyl-sn-glycerol 3-phosphate	C21H42O7P1	1469343485
2ohph_c	2-Octaprenyl-6-hydroxyphenol	C46H70O2	1467912457
2ombzl_c	2-Octaprenyl-6-methoxy-1,4-benzoquinol	C47H72O3	1468212846
2omhmbl_c	2-Octaprenyl-3-methyl-5-hydroxy-6-methoxy-1,4-benzoquinol	C48H74O4	1468218282
2ommbl_c	2-Octaprenyl-3-methyl-6-methoxy- 1,4-benzoquinol	C48H74O3	1468212854
2omph_c	2-Octaprenyl-6-methoxyphenol	C47H72O2	1467912468
2oph_c	2-Octaprenylphenol	C46H70O	1467912445
2oxpaccoa_c	2-oxepin-2(3H)-ylideneacetyl-CoA	C29H38N7O18P3S	1468041843
2p4c2me_c	2-phospho-4-(cytidine 5'-diphospho)-2-C-methyl-D-erythritol	C14H22N3O17P3	1467970442
2pg_c	D-Glycerate 2-phosphate	C3H4O7P	1467872997
2pglyc_c	2-Phosphoglycolate	C2H2O6P	1467876629
2sephchc_c	2-succinyl-5-enolpyruvyl-6-hydroxy-3-cyclohexene-1-carboxylate	C14H13O9	1468011156
2shchc_c	2-Succinyl-6-hydroxy-2,4-cyclohexadiene-1-carboxylate	C11H10O6	1467912508
2tdec7eg3p_c	2-tetradec-7-enoyl-sn-glycerol 3-phosphate	C17H32O7P1	None
2tdec7eg3p_p	2-tetradec-7-enoyl-sn-glycerol 3-phosphate	C17H32O7P1	None
2tdecg3p_c	2-tetradecanoyl-sn-glycerol 3-phosphate	C17H34O7P1	None
2tdecg3p_p	2-tetradecanoyl-sn-glycerol 3-phosphate	C17H34O7P1	None
2tpr3dpcoa_c	2'-(5''-triphosphoribosyl)-3'-dephospho-CoA	C26H40N7O26P5S	1468040238
34dhpac_e	3,4-Dihydroxyphenylacetaldehyde	C8H8O3	1467900185
34dhpac_p	3,4-Dihydroxyphenylacetaldehyde	C8H8O3	1467900185
34hpp_c	3-(4-Hydroxyphenyl)pyruvate	C9H7O4	1467878443
35cgmp_c	3',5'-Cyclic GMP	C10H11N5O7P	1467876203
3amac_c	3-Aminoacrylate	C3H4NO2	1468044034
3amp_e	3  AMP C10H12N5O7P	C10H12N5O7P	1467880031
3amp_p	3  AMP C10H12N5O7P	C10H12N5O7P	1467880031
3c2hmp_c	3-Carboxy-2-hydroxy-4-methylpentanoate	C7H10O5	1467902766
3c3hmp_c	3-Carboxy-3-hydroxy-4-methylpentanoate	C7H10O5	1467889321
3c4mop_c	3-Carboxy-4-methyl-2-oxopentanoate	C7H8O5	1467901603
3cmp_e	3  CMP C9H12N3O8P	C9H12N3O8P	1467912563
3cmp_p	3  CMP C9H12N3O8P	C9H12N3O8P	1467912563
3dhguln_c	3-Dehydro-L-gulonate	C6H9O7	1467872878
3dhgulnp_c	3-keto-L-gulonate-6-phosphate	C6H8O10P	1467996175
3dhq_c	3-Dehydroquinate	C7H9O6	1467876226
3dhsk_c	3-Dehydroshikimate	C7H7O5	1467890251
3fe4s_c	[3Fe-4S] damaged iron-sulfur cluster	S4Fe3	None
3gmp_e	Guanosine 3  phosphate C10H12N5O8P	C10H12N5O8P	1467915806
3gmp_p	Guanosine 3  phosphate C10H12N5O8P	C10H12N5O8P	1467915806
3haACP_c	(3R)-3-Hydroxyacyl-[acyl-carrier protein]	C15H27N2O9PRS	None
3hadpcoa_c	(3S)-3-Hydroxyadipyl-CoA	C27H39N7O20P3S	1467987983
3hbcoa_c	(S)-3-Hydroxybutanoyl-CoA	C25H38N7O18P3S	1467878105
3hcddec5eACP_c	(R)-3-hydroxy-cis-dodec-5-enoyl-[acyl-carrier protein]	C23H41N2O9PRS	None
3hcinnm_c	3-hydroxycinnamic acid	C9H7O3	1467981286
3hcinnm_e	3-hydroxycinnamic acid	C9H7O3	1467981286
3hcinnm_p	3-hydroxycinnamic acid	C9H7O3	1467981286
3hcmrs7eACP_c	(R)-3-hydroxy-cis-myristol-7-eoyl-[acyl-carrier protein]	C25H45N2O9PRS	None
3hcpalm9eACP_c	(R)-3-hydroxy-cis-palm-9-eoyl-[acyl-carrier protein]	C27H49N2O9PRS	None
3hcvac11eACP_c	(R)-3-hydroxy-cis-vacc-11-enoyl-[acyl-carrier protein]	C29H53N2O9PRS	None
3hdcoa_c	(S)-3-Hydroxydecanoyl-CoA	C31H50N7O18P3S	1467908038
3hddcoa_c	(S)-3-Hydroxydodecanoyl-CoA	C33H54N7O18P3S	1467908016
3hddecACP_c	(R)-3-Hydroxydodecanoyl-[acyl-carrier protein]	C23H43N2O9PRS	None
3hdecACP_c	(R)-3-Hydroxydecanoyl-[acyl-carrier protein]	C21H39N2O9PRS	None
3hhcoa_c	(S)-3-Hydroxyhexanoyl-CoA	C27H42N7O18P3S	1467908086
3hhdcoa_c	(S)-3-Hydroxyhexadecanoyl-CoA	C37H62N7O18P3S	1467907975
3hhexACP_c	(R)-3-Hydroxyhexanoyl-[acyl-carrier protein]	C17H31N2O9PRS	None
3hmrsACP_c	(R)-3-Hydroxytetradecanoyl-[acyl-carrier protein]	C25H47N2O9PRS	None
3hocoa_c	(S)-3-Hydroxyoctanoyl-CoA	C29H46N7O18P3S	1467908062
3hoctACP_c	(R)-3-Hydroxyoctanoyl-[acyl-carrier protein]	C19H35N2O9PRS	None
3hoctaACP_c	(R)-3-Hydroxyoctadecanoyl-[acyl-carrier protein]	C29H55N2O9PRS	None
3hodcoa_c	(S)-3-Hydroxyoctadecanoyl-CoA	C39H66N7O18P3S	1468008271
3hpalmACP_c	R-3-hydroxypalmitoyl-[acyl-carrier protein]	C27H51N2O9PRS	None
3hpp_c	3-Hydroxypropanoate	C3H5O3	1467876868
3hpp_e	3-Hydroxypropanoate	C3H5O3	1467876868
3hpp_p	3-Hydroxypropanoate	C3H5O3	1467876868
3hpppn_c	3-(3-hydroxy-phenyl)propionate	C9H9O3	1467970593
3hpppn_e	3-(3-hydroxy-phenyl)propionate	C9H9O3	1467970593
3hpppn_p	3-(3-hydroxy-phenyl)propionate	C9H9O3	1467970593
3htdcoa_c	(S)-3-Hydroxytetradecanoyl-CoA	C35H58N7O18P3S	1467907997
3ig3p_c	C'-(3-Indolyl)-glycerol 3-phosphate	C11H12NO6P	1467896500
3mob_c	3-Methyl-2-oxobutanoate	C5H7O3	1467867437
3mop_c	(S)-3-Methyl-2-oxopentanoate	C6H9O3	1467873396
3ocddec5eACP_c	3-oxo-cis-dodec-5-enoyl-[acyl-carrier protein]	C23H39N2O9PRS	None
3ocmrs7eACP_c	3-oxo-cis-myristol-7-eoyl-[acyl-carrier protein]	C25H43N2O9PRS	None
3ocpalm9eACP_c	3-oxo-cis-palm-9-eoyl-[acyl-carrier protein]	C27H47N2O9PRS	None
3ocvac11eACP_c	3-oxo-cis-vacc-11-enoyl-[acyl-carrier protein]	C29H51N2O9PRS	None
3odcoa_c	3-Oxodecanoyl-CoA	C31H48N7O18P3S	1467908051
3oddcoa_c	3-Oxododecanoyl-CoA	C33H52N7O18P3S	1467908027
3oddecACP_c	3-Oxododecanoyl-[acyl-carrier protein]	C23H41N2O9PRS	None
3odecACP_c	3-Oxodecanoyl-[acyl-carrier protein]	C21H37N2O9PRS	None
3ohcoa_c	3-Oxohexanoyl-CoA	C27H40N7O18P3S	1467908099
3ohdcoa_c	3-Oxohexadecanoyl-CoA	C37H60N7O18P3S	1467907985
3ohexACP_c	3-Oxohexanoyl-[acyl-carrier protein]	C17H29N2O9PRS	None
3ohodcoa_c	3-Oxooctadecanoyl-CoA	C39H64N7O18P3S	1468008259
3omrsACP_c	3-Oxotetradecanoyl-[acyl-carrier protein]	C25H45N2O9PRS	None
3oocoa_c	3-Oxooctanoyl-CoA	C29H44N7O18P3S	1467908075
3ooctACP_c	3-Oxooctanoyl-[acyl-carrier protein]	C19H33N2O9PRS	None
3ooctdACP_c	3-Oxooctadecanoyl-[acyl-carrier protein]	C29H53N2O9PRS	None
3opalmACP_c	3-Oxohexadecanoyl-[acyl-carrier protein]	C27H49N2O9PRS	None
3ophb_c	3-Octaprenyl-4-hydroxybenzoate	C47H69O3	1467912434
3otdcoa_c	3-Oxotetradecanoyl-CoA	C35H56N7O18P3S	1467908007
3oxdhscoa_c	3-oxo-5,6-dehydrosuberyl-CoA	C29H39N7O20P3S	1468041592
3pg_c	3-Phospho-D-glycerate	C3H4O7P	1467868189
3php_c	3-Phosphohydroxypyruvate	C3H2O7P	1467894744
3psme_c	5-O-(1-Carboxyvinyl)-3-phosphoshikimate	C10H9O10P	1467879310
3sala_c	3-Sulfino-L-alanine	C3H5NO4S	1467872773
3ump_e	3  UMP C9H11N2O9P	C9H11N2O9P	1467880043
3ump_p	3  UMP C9H11N2O9P	C9H11N2O9P	1467880043
4abut_c	4-Aminobutanoate	C4H9NO2	1467869810
4abut_e	4-Aminobutanoate	C4H9NO2	1467869810
4abut_p	4-Aminobutanoate	C4H9NO2	1467869810
4abutn_c	4-Aminobutanal	C4H10NO	1467872278
4abz_c	4-Aminobenzoate	C7H6NO2	1467872398
4adcho_c	4-amino-4-deoxychorismate	C10H10NO5	1467969548
4ahmmp_c	4-Amino-5-hydroxymethyl-2-methylpyrimidine	C6H9N3O	1467879408
4ampm_c	4-Amino-2-methyl-5-phosphomethylpyrimidine	C6H8N3O4P	1467903836
4c2me_c	4-(cytidine 5'-diphospho)-2-C-methyl-D-erythritol	C14H23N3O14P2	1467970431
4crsol_c	P-Cresol	C7H8O	1467880753
4fe4s_c	[4Fe-4S] iron-sulfur cluster	S4Fe4	None
4h2opntn_c	4-Hydroxy-2-oxopentanoate	C5H7O4	1467897063
4hbz_c	4-Hydroxybenzoate	C7H5O3	1467867640
4hoxpacd_e	4-Hydroxyphenylacetaldehyde	C8H8O2	1467898352
4hoxpacd_p	4-Hydroxyphenylacetaldehyde	C8H8O2	1467898352
4hthr_c	4-Hydroxy-L-threonine	C4H9NO4	1467914569
4mhetz_c	4-Methyl-5-(2-hydroxyethyl)-thiazole	C6H9NOS	1467902005
4mop_c	4-Methyl-2-oxopentanoate	C6H9O3	1467868629
4mpetz_c	4-Methyl-5-(2-phosphoethyl)-thiazole	C6H8NO4PS	1467902246
4pasp_c	4-Phospho-L-aspartate	C4H6NO7P	1467893595
4per_c	4-Phospho-D-erythronate	C4H6O8P	1467895763
4ppan_c	D-4'-Phosphopantothenate	C9H15NO8P	1467896394
4ppcys_c	N-((R)-4-Phosphopantothenoyl)-L-cysteine	C12H20N2O9PS	1467902426
4r5au_c	4-(1-D-Ribitylamino)-5-aminouracil	C9H16N4O6	1467905207
56dura_c	5,6-dihydrouracil	C4H6N2O2	1467870857
5aizc_c	5-amino-1-(5-phospho-D-ribosyl)imidazole-4-carboxylate	C9H11N3O9P	1467905379
5aop_c	5-Amino-4-oxopentanoate	C5H9NO3	1467870875
5aprbu_c	5-Amino-6-(5'-phosphoribitylamino)uracil	C9H15N4O9P	1467903089
5apru_c	5-Amino-6-(5'-phosphoribosylamino)uracil	C9H13N4O9P	1467879298
5caiz_c	5-phosphoribosyl-5-carboxyaminoimidazole	C9H11N3O9P	1468003499
5dglcn_c	5-Dehydro-D-gluconate	C6H9O7	1467877328
5dglcn_e	5-Dehydro-D-gluconate	C6H9O7	1467877328
5dglcn_p	5-Dehydro-D-gluconate	C6H9O7	1467877328
5dh4dglc_c	5-Dehydro-4-deoxy-D-glucarate	C6H6O7	1467873466
5drib_c	5'-deoxyribose	C5H10O4	1468220225
5fthf_c	5-Formyltetrahydrofolate	C20H21N7O7	1467896342
5mta_c	5-Methylthioadenosine	C11H15N5O3S	1467867842
5mthf_c	5-Methyltetrahydrofolate	C20H24N7O6	1467870978
5mtr_c	5-Methylthio-D-ribose	C6H12O4S	1467893655
5mtr_e	5-Methylthio-D-ribose	C6H12O4S	1467893655
5mtr_p	5-Methylthio-D-ribose	C6H12O4S	1467893655
5prdmbz_c	N1-(5-Phospho-alpha-D-ribosyl)-5,6-dimethylbenzimidazole	C14H17N2O7P	1467905525
6hmhpt_c	6-hydroxymethyl dihydropterin	C7H9N5O2	1467879603
6hmhptpp_c	6-hydroxymethyl-dihydropterin pyrophosphate	C7H8N5O8P2	1467905739
6pgc_c	6-Phospho-D-gluconate	C6H10O10P	1467869909
6pgl_c	6-phospho-D-glucono-1,5-lactone	C6H9O9P	1467879032
8aonn_c	8-Amino-7-oxononanoate	C9H17NO3	1467877590
ACP_c	Acyl carrier protein	C11H21N2O7PRS	2786427718
LalaDgluMdapDala_c	L-alanine-D-glutamate-meso-2,6-diaminoheptanedioate-D-alanine	C18H30N5O9	None
LalaDgluMdapDala_e	L-alanine-D-glutamate-meso-2,6-diaminoheptanedioate-D-alanine	C18H30N5O9	None
LalaDgluMdapDala_p	L-alanine-D-glutamate-meso-2,6-diaminoheptanedioate-D-alanine	C18H30N5O9	None
LalaDgluMdap_c	L-alanine-D-glutamate-meso-2,6-diaminoheptanedioate	C15H25N4O8	None
LalaDgluMdap_e	L-alanine-D-glutamate-meso-2,6-diaminoheptanedioate	C15H25N4O8	None
LalaDgluMdap_p	L-alanine-D-glutamate-meso-2,6-diaminoheptanedioate	C15H25N4O8	None
LalaDglu_c	L-alanine-D-glutamate	C8H13N2O5	None
LalaDglu_e	L-alanine-D-glutamate	C8H13N2O5	None
LalaDglu_p	L-alanine-D-glutamate	C8H13N2O5	None
LalaLglu_c	L-alanine-L-glutamate	C8H13N2O5	1468049150
LalaLglu_e	L-alanine-L-glutamate	C8H13N2O5	1468049150
LalaLglu_p	L-alanine-L-glutamate	C8H13N2O5	1468049150
N1aspmd_c	N1-Acetylspermidine	C9H23N3O	1467872821
Nmtrp_c	N-Methyltryptophan	C12H14N2O2	1467892764
Sfglutth_c	S-Formylglutathione	C11H16N3O7S	1467877039
aacald_c	Aminoacetaldehyde	C2H6NO	1467920780
aacoa_c	Acetoacetyl-CoA	C25H36N7O18P3S	1467869780
aact_c	Aminoacetone	C3H8NO	2786390292
acACP_c	Acetyl-ACP	C13H23N2O8PRS	None
ac_c	Acetate	C2H3O2	1467865967
ac_e	Acetate	C2H3O2	1467865967
ac_p	Acetate	C2H3O2	1467865967
acac_c	Acetoacetate	C4H5O3	1467867754
acac_e	Acetoacetate	C4H5O3	1467867754
acac_p	Acetoacetate	C4H5O3	1467867754
acald_c	Acetaldehyde	C2H4O	2786402809
acald_e	Acetaldehyde	C2H4O	2786402809
acald_p	Acetaldehyde	C2H4O	2786402809
acanth_c	N-Acetylanthranilate	C9H8NO3	1467916771
accoa_c	Acetyl-CoA	C23H34N7O17P3S	1467865841
acetol_c	Acetol cytosol	C3H6O2	1467907896
acg5p_c	N-Acetyl-L-glutamyl 5-phosphate	C7H9NO8P	1467900875
acg5sa_c	N-Acetyl-L-glutamate 5-semialdehyde	C7H10NO4	1467879139
acgal1p_e	N-Acetyl-D-galactosamine 1-phosphate	C8H14NO9P	1467901708
acgal1p_p	N-Acetyl-D-galactosamine 1-phosphate	C8H14NO9P	1467901708
acgal_e	N-Acetyl-D-galactosamine	C8H15NO6	1467867422
acgal_p	N-Acetyl-D-galactosamine	C8H15NO6	1467867422
acgam1p_c	N-Acetyl-D-glucosamine 1-phosphate	C8H14NO9P	1467901708
acgam1p_e	N-Acetyl-D-glucosamine 1-phosphate	C8H14NO9P	1467901708
acgam1p_p	N-Acetyl-D-glucosamine 1-phosphate	C8H14NO9P	1467901708
acgam6p_c	N-Acetyl-D-glucosamine 6-phosphate	C8H14NO9P	1467870068
acgam_c	N-Acetyl-D-glucosamine	C8H15NO6	1467867422
acgam_e	N-Acetyl-D-glucosamine	C8H15NO6	1467867422
acgam_p	N-Acetyl-D-glucosamine	C8H15NO6	1467867422
acglc__D_c	6-Acetyl-D-glucose	C8H14O7	1467890370
acglu_c	N-Acetyl-L-glutamate	C7H9NO5	1467872933
acmalt_c	Acetyl-maltose	C14H24O12	1467886446
acmana_c	N-Acetyl-D-mannosamine	C8H15NO6	1467867422
acmana_e	N-Acetyl-D-mannosamine	C8H15NO6	1467867422
acmana_p	N-Acetyl-D-mannosamine	C8H15NO6	1467867422
acmanap_c	N-Acetyl-D-mannosamine 6-phosphate	C8H14NO9P	1467870068
acmum6p_c	N-acetylmuramate 6-phosphate	C11H17NO11P	1468012864
acmum_e	N-Acetylmuramate	C11H18NO8	1467890798
acmum_p	N-Acetylmuramate	C11H18NO8	1467890798
acnam_c	N-Acetylneuraminate	C11H18NO9	1467869128
acnam_e	N-Acetylneuraminate	C11H18NO9	1467869128
acnam_p	N-Acetylneuraminate	C11H18NO9	1467869128
acolipa_e	4-Amino-4-deoxy-L-arabinose modified core oligosaccharide lipid A	C181H314N3O103P4	2604447538
acolipa_p	4-Amino-4-deoxy-L-arabinose modified core oligosaccharide lipid A	C181H314N3O103P4	2604447538
acon_C_c	Cis-Aconitate	C6H3O6	1467870747
acon_T_c	Trans-Aconitate	C6H3O6	1467870747
aconm_c	E-3-carboxy-2-pentenedioate 6-methyl ester	C7H6O6	None
acorn_c	N2-Acetyl-L-ornithine	C7H14N2O3	1467870941
acser_c	O-Acetyl-L-serine	C5H9NO4	2786403344
acser_e	O-Acetyl-L-serine	C5H9NO4	2786403344
acser_p	O-Acetyl-L-serine	C5H9NO4	2786403344
actACP_c	Acetoacetyl-ACP	C15H25N2O9PRS	None
actp_c	Acetyl phosphate	C2H3O5P	1467868563
ade_c	Adenine	C5H5N5	1467867515
ade_e	Adenine	C5H5N5	1467867515
ade_p	Adenine	C5H5N5	1467867515
adn_c	Adenosine	C10H13N5O4	1467868376
adn_e	Adenosine	C10H13N5O4	1467868376
adn_p	Adenosine	C10H13N5O4	1467868376
adocbi_c	Adenosyl cobinamide	C58H84CoN16O11	525056644
adocbip_c	Adenosyl cobinamide phosphate	C58H83CoN16O14P	525056655
adocbl_c	Adenosylcobalamin	C72H100CoN18O17P	137886816
adocbl_e	Adenosylcobalamin	C72H100CoN18O17P	137886816
adocbl_p	Adenosylcobalamin	C72H100CoN18O17P	137886816
adp_c	ADP C10H12N5O10P2	C10H12N5O10P2	1467865623
adpglc_c	ADPglucose C16H23N5O15P2	C16H23N5O15P2	1467871604
adphep_DD_c	ADP-D-glycero-D-manno-heptose	C17H25N5O16P2	1467917417
adphep_LD_c	ADP-L-glycero-D-manno-heptose	C17H25N5O16P2	1467917417
adprib_c	ADPribose C15H21N5O14P2	C15H21N5O14P2	1467869403
ag_c	Silver	Ag	1467920544
ag_e	Silver	Ag	1467920544
agdpcbi_c	Adenosine-GDP-cobinamide	C68H95CoN21O21P2	525056633
agm_c	Agmatine	C5H16N4	1467867931
agm_e	Agmatine	C5H16N4	1467867931
agm_p	Agmatine	C5H16N4	1467867931
ahcys_c	S-Adenosyl-L-homocysteine	C14H20N6O5S	1467865798
ahdt_c	2-Amino-4-hydroxy-6-(erythro-1,2,3-trihydroxypropyl)dihydropteridine triphosphate	C9H12N5O13P3	1467906370
aicar_c	5-Amino-1-(5-Phospho-D-ribosyl)imidazole-4-carboxamide	C9H13N4O8P	1467904765
air_c	5-amino-1-(5-phospho-D-ribosyl)imidazole	C8H12N3O7P	1467895667
akg_c	2-Oxoglutarate	C5H4O5	1467865872
akg_e	2-Oxoglutarate	C5H4O5	1467865872
akg_p	2-Oxoglutarate	C5H4O5	1467865872
ala_B_c	Beta-Alanine	C3H7NO2	1467866856
ala_B_e	Beta-Alanine	C3H7NO2	1467866856
ala_B_p	Beta-Alanine	C3H7NO2	1467866856
ala__D_c	D-Alanine	C3H7NO2	1467866080
ala__D_e	D-Alanine	C3H7NO2	1467866080
ala__D_p	D-Alanine	C3H7NO2	1467866080
ala__L_c	L-Alanine	C3H7NO2	1467866080
ala__L_e	L-Alanine	C3H7NO2	1467866080
ala__L_p	L-Alanine	C3H7NO2	1467866080
alaala_c	D-Alanyl-D-alanine	C6H12N2O3	2786369075
alaala_e	D-Alanyl-D-alanine	C6H12N2O3	2786369075
alaala_p	D-Alanyl-D-alanine	C6H12N2O3	2786369075
alac__S_c	(S)-2-Acetolactate	C5H7O4	1467875820
alatrna_c	L-Alanyl-tRNA(Ala)	C3H6NOR	None
all6p_c	D-Allose 6-phosphate	C6H11O9P	1467894903
all__D_c	D-Allose	C6H12O6	1467865936
all__D_e	D-Allose	C6H12O6	1467865936
all__D_p	D-Allose	C6H12O6	1467865936
alltn_c	Allantoin	C4H6N4O3	2594260965
alltn_e	Allantoin	C4H6N4O3	2594260965
alltn_p	Allantoin	C4H6N4O3	2594260965
alltt_c	Allantoate	C4H7N4O4	1467871616
allul6p_c	Allulose 6-phosphate	C6H11O9P	1467866662
alpp_p	Applipoprotein	X	None
altrn_c	D-Altronate	C6H11O7	1467868971
amet_c	S-Adenosyl-L-methionine	C15H23N6O5S	1467865767
ametam_c	S-Adenosylmethioninamine	C14H24N6O3S	1467878037
amob_c	S-Adenosyl-4-methylthio-2-oxobutanoate	C15H19N5O6S	1467902875
amp_c	AMP C10H12N5O7P	C10H12N5O7P	1467865783
amp_e	AMP C10H12N5O7P	C10H12N5O7P	1467865783
amp_p	AMP C10H12N5O7P	C10H12N5O7P	1467865783
anhgm3p_c	N-Acetyl-D-glucosamine(anhydrous)N-Acetylmuramyl-tripeptide	C34H52N6O19	1469356458
anhgm3p_p	N-Acetyl-D-glucosamine(anhydrous)N-Acetylmuramyl-tripeptide	C34H52N6O19	1469356458
anhgm4p_c	N-Acetyl-D-glucosamine(anhydrous)N-Acetylmuramyl-tetrapeptide	C37H57N7O20	None
anhgm4p_p	N-Acetyl-D-glucosamine(anhydrous)N-Acetylmuramyl-tetrapeptide	C37H57N7O20	None
anhgm_c	N-Acetyl-D-glucosamine(anhydrous)N-Acetylmuramic acid	C19H29N2O12	None
anhgm_e	N-Acetyl-D-glucosamine(anhydrous)N-Acetylmuramic acid	C19H29N2O12	None
anhgm_p	N-Acetyl-D-glucosamine(anhydrous)N-Acetylmuramic acid	C19H29N2O12	None
anhm3p_c	1,6-anhydrous-N-Acetylmuramyl-tripeptide	C26H39N5O14	1469375983
anhm4p_c	1,6-anhydrous-N-Acetylmuramyl-tetrapeptide	C29H44N6O15	None
anhm_c	1,6-anhydrous-N-Acetylmuramate	C11H16NO7	None
anth_c	Anthranilate	C7H6NO2	1467866980
ap4a_c	P1,P4-Bis(5'-adenosyl) tetraphosphate	C20H24N10O19P4	1467879210
ap5a_c	P1,P5-Bis(5'-adenosyl) pentaphosphate	C20H24N10O22P5	1467900317
apg120_c	Acyl phosphatidylglycerol (n-C12:0)	C42H80O11P	1469358987
apg140_c	Acyl phosphatidylglycerol (n-C14:0)	C48H92O11P	1469413333
apg141_c	Acyl phosphatidylglycerol (n-C14:1)	C48H86O11P	None
apg160_c	Acyl phosphatidylglycerol (n-C16:0)	C54H104O11P	1469390350
apg161_c	Acyl phosphatidylglycerol (n-C16:1)	C54H98O11P	None
apg180_c	Acyl phosphatidylglycerol (n-C18:0)	C60H116O11P	1469322863
apg181_c	Acyl phosphatidylglycerol (n-C18:1)	C60H110O11P	None
apoACP_c	Apoprotein [acyl carrier protein]	RHO	None
appl_c	1-Aminopropan-2-ol	C3H10NO	1467894387
aps_c	Adenosine 5'-phosphosulfate	C10H12N5O10PS	1467868530
ara5p_c	D-Arabinose 5-phosphate	C5H9O8P	1467877803
arab__L_c	L-Arabinose	C5H10O5	1467867962
arab__L_e	L-Arabinose	C5H10O5	1467867962
arab__L_p	L-Arabinose	C5H10O5	1467867962
aragund_c	O-acetyl-rhamanosyl-N-acetylglucosamyl-undecaprenyl diphosphate	C71H115N1O17P2	1469357532
arbt6p_c	Arbutin 6-phosphate	C12H15O10P	1467915760
arbt_e	Arbutin C12H16O7	C12H16O7	1467915745
arbt_p	Arbutin C12H16O7	C12H16O7	1467915745
arbtn_c	Aerobactin minus Fe3	C22H33N4O13	1467910366
arbtn_e	Aerobactin minus Fe3	C22H33N4O13	1467910366
arbtn_fe3_c	Aerobactin	C22H33FeN4O13	1467910366
arbtn_fe3_e	Aerobactin	C22H33FeN4O13	1467910366
arbtn_fe3_p	Aerobactin	C22H33FeN4O13	1467910366
arbtn_p	Aerobactin minus Fe3	C22H33N4O13	1467910366
arg__L_c	L-Arginine	C6H15N4O2	1467866345
arg__L_e	L-Arginine	C6H15N4O2	1467866345
arg__L_p	L-Arginine	C6H15N4O2	1467866345
argsuc_c	N(omega)-(L-Arginino)succinate	C10H17N4O6	1467895842
argtrna_c	L-Arginyl-tRNA(Arg)	C6H14N4OR	None
ascb6p_c	L-ascorbate-6-phosphate	C6H7O9P	1468007959
ascb__L_e	L-Ascorbate	C6H8O6	1467866475
ascb__L_p	L-Ascorbate	C6H8O6	1467866475
asn__L_c	L-Asparagine	C4H8N2O3	1467867581
asn__L_e	L-Asparagine	C4H8N2O3	1467867581
asn__L_p	L-Asparagine	C4H8N2O3	1467867581
asntrna_c	L-Asparaginyl-tRNA(Asn)	C14H24N2O12PR2	None
aso3_c	Arsenite	AsO3	1467920487
aso3_e	Arsenite	AsO3	1467920487
aso3_p	Arsenite	AsO3	1467920487
aso4_c	Arsenate	AsO4	1467968127
asp__L_c	L-Aspartate	C4H6NO4	1467866192
asp__L_e	L-Aspartate	C4H6NO4	1467866192
asp__L_p	L-Aspartate	C4H6NO4	1467866192
aspsa_c	L-Aspartate 4-semialdehyde	C4H7NO3	1467870991
asptrna_c	L-Aspartyl-tRNA(Asp)	C4H5NO3R	None
athr__L_c	L-Allo-threonine	C4H9NO3	1467868061
athtp_c	Adenosine thiamine triphosphate	C22H28N9O13P3S	1468270430
atp_c	ATP C10H12N5O13P3	C10H12N5O13P3	1467865531
b2coa_c	Crotonoyl-CoA	C25H36N7O17P3S	1467875551
bbtcoa_c	Gamma-butyrobetainyl-CoA	C28H46N8O17P3S	1468047614
betald_c	Betaine aldehyde	C5H12NO	1467872480
bglycogen_c	Branching glycogen	C6H10O5	None
bmoco1gdp_c	Bis-molybdopterin mono-guanine dinucleotide	C30H32N15O20P3S4Mo	None
bmoco_c	Bis-molybdenum cofactor	C20H20N10O13P2S4Mo	1469433799
bmocogdp_c	Bis-molybdopterin guanine dinucleotide	C40H44N20O27P4S4Mo	None
btal_c	Butanal C4H8O	C4H8O	1467880354
btcoa_c	Butanoyl-CoA	C25H38N7O17P3S	1467867373
btn_c	Biotin	C10H15N2O3S	1467867147
btn_e	Biotin	C10H15N2O3S	1467867147
btn_p	Biotin	C10H15N2O3S	1467867147
btnso_c	D-biotin d-sulfoxide	C10H15N2O4S	1468045041
but2eACP_c	But-2-enoyl-[acyl-carrier protein]	C15H25N2O8PRS	None
butACP_c	Butyryl-ACP (n-C4:0ACP)	C15H27N2O8PRS	None
but_c	Butyrate (n-C4:0)	C4H7O2	None
but_e	Butyrate (n-C4:0)	C4H7O2	None
but_p	Butyrate (n-C4:0)	C4H7O2	None
butso3_c	Butanesulfonate	C4H9O3S	1468219600
butso3_e	Butanesulfonate	C4H9O3S	1468219600
butso3_p	Butanesulfonate	C4H9O3S	1468219600
bwco1gdp_c	Tungsten bispterin cofactor mono-guanine dinucleotide	C30H32N15O20P3S4W	None
bwco_c	Tungsten bispterin cofactor	C20H20N10O13P2S4W	None
bwcogdp_c	Tungsten bispterin cofactor guanine dinucleotide	C40H44N20O27P4S4W	None
ca2_c	Calcium	Ca	1467866535
ca2_e	Calcium	Ca	1467866535
ca2_p	Calcium	Ca	1467866535
camp_c	CAMP C10H11N5O6P	C10H11N5O6P	1467872465
cbasp_c	N-Carbamoyl-L-aspartate	C5H6N2O5	1467870954
cbi_c	Cobinamide	C48H72CoN11O8	1468083438
cbi_e	Cobinamide	C48H72CoN11O8	1468083438
cbi_p	Cobinamide	C48H72CoN11O8	1468083438
cbl1_c	Cob(I)alamin	C62H88CoN13O14P	54240825
cbl1_e	Cob(I)alamin	C62H88CoN13O14P	54240825
cbl1_p	Cob(I)alamin	C62H88CoN13O14P	54240825
cbm_c	Carbamate	CH2NO2	1467881564
cbp_c	Carbamoyl phosphate	CH2NO5P	1467867829
cd2_c	Cadmium	Cd	1467880366
cd2_e	Cadmium	Cd	1467880366
cd2_p	Cadmium	Cd	1467880366
cddec5eACP_c	Cis-dodec-5-enoyl-[acyl-carrier protein] (n-C12:1)	C23H41N2O8PRS	None
cdec3eACP_c	Cis-dec-3-enoyl-[acyl-carrier protein] (n-C10:1)	C21H37N2O8PRS	None
cdg_c	7-deaza-7-carboxyguanine	C7H5N4O3	1468043994
cdp_c	CDP C9H12N3O11P2	C9H12N3O11P2	1467867043
cdpdddecg_c	CDP-1,2-didodecanoylglycerol	C36H63N3O15P2	1467986501
cdpdhdec9eg_c	CDP-1,2-dihexadec-9-enoylglycerol	C44H75N3O15P2	1468368106
cdpdhdecg_c	CDP-1,2-dihexadecanoylglycerol	C44H79N3O15P2	None
cdpdodec11eg_c	CDP-1,2-dioctadec-11-enoylglycerol	C48H83N3O15P2	1469318568
cdpdodecg_c	CDP-1,2-dioctadecanoylglycerol	C48H87N3O15P2	1469318654
cdpdtdec7eg_c	CDP-1,2-ditetradec-7-enoylglycerol	C40H67N3O15P2	1468368099
cdpdtdecg_c	CDP-1,2-ditetradecanoylglycerol	C40H71N3O15P2	1469318314
cechddd_c	Cis-3-(3-carboxyethyl)-3,5-cyclohexadiene-1,2-diol	C9H11O4	1467971733
cenchddd_c	Cis-3-(3-carboxyethenyl)-3,5-cyclohexadiene-1,2-diol	C9H9O4	1467981298
cgly_c	Cys Gly C5H10N2O3S	C5H10N2O3S	1467880428
cgly_e	Cys Gly C5H10N2O3S	C5H10N2O3S	1467880428
cgly_p	Cys Gly C5H10N2O3S	C5H10N2O3S	1467880428
chol_c	Choline C5H14NO	C5H14NO	1467867073
chol_e	Choline C5H14NO	C5H14NO	1467867073
chol_p	Choline C5H14NO	C5H14NO	1467867073
chor_c	Chorismate	C10H8O6	1467868880
chtbs6p_c	Diacetylchitobiose-6-phosphate	C16H27N2O14P	1468050621
chtbs_e	N,N'-diacetylchitobiose	C16H28N2O11	1467882468
chtbs_p	N,N'-diacetylchitobiose	C16H28N2O11	1467882468
cinnm_c	Trans-Cinnamate	C9H7O2	1467870801
cit_c	Citrate	C6H5O7	1467867671
cit_e	Citrate	C6H5O7	1467867671
cit_p	Citrate	C6H5O7	1467867671
citr__L_c	L-Citrulline	C6H13N3O3	1467869709
ckdo_c	CMP-3-deoxy-D-manno-octulosonate	C17H24N3O15P	1467900803
cl_c	Chloride	Cl	1467879788
cl_e	Chloride	Cl	1467879788
cl_p	Chloride	Cl	1467879788
clpn120_p	Cardiolipin (tetradodecanoyl, n-C12:0)	C57H108O17P2	None
clpn140_p	Cardiolipin (tetratetradecanoyl, n-C14:0)	C65H124O17P2	1469361634
clpn141_p	Cardiolipin (tetratetradec-7-enoyl, n-C14:1)	C65H116O17P2	None
clpn160_p	Cardiolipin (tetrahexadecanoyl, n-C16:0)	C73H140O17P2	1469361802
clpn161_p	Cardiolipin (tetrahexadec-9-enoyl, n-C16:1)	C73H132O17P2	1469361697
clpn180_p	Cardiolipin (tetraoctadecanoyl, n-C18:0)	C81H156O17P2	None
clpn181_p	Cardiolipin (tetraoctadec-11-enoyl, n-C18:1)	C81H148O17P2	1469361674
cm_e	Chloramphenicol	C11H12Cl2N2O5	1467875974
cm_p	Chloramphenicol	C11H12Cl2N2O5	1467875974
cmp_c	CMP C9H12N3O8P	C9H12N3O8P	2786383960
cmp_e	CMP C9H12N3O8P	C9H12N3O8P	2786383960
cmp_p	CMP C9H12N3O8P	C9H12N3O8P	2786383960
co2_c	CO2 CO2	CO2	1467865667
co2_e	CO2 CO2	CO2	1467865667
co2_p	CO2 CO2	CO2	1467865667
coa_c	Coenzyme A	C21H32N7O16P3S	1467865652
cobalt2_c	Co2+	Co	1467867880
cobalt2_e	Co2+	Co	1467867880
cobalt2_p	Co2+	Co	1467867880
colipa_c	Core oligosaccharide lipid A	C176H303N2O100P4	None
colipa_e	Core oligosaccharide lipid A	C176H303N2O100P4	None
colipa_p	Core oligosaccharide lipid A	C176H303N2O100P4	None
colipap_e	Core oligosaccharide lipid A diphosphate	C176H303N2O103P5	None
colipap_p	Core oligosaccharide lipid A diphosphate	C176H303N2O103P5	None
cpe160_c	Cyclopropane phosphatidylethanolamine (dihexadec-9,10-cyclo-anoyl, n-C16:0 cyclo)	C39H74N1O8P1	1469303292
cpe180_c	Cyclopropane phosphatidylethanolamine (dioctadec-11,12-cyclo-anoyl, n-C18:0 cyclo)	C43H82N1O8P1	None
cpg160_c	Cyclopropane phosphatidylglycerol (dihexadec-9,10-cyclo-anoyl, n-C16:0 cyclo)	C40H74O10P1	1469312282
cpg180_c	Cyclopropane phosphatidylglycerol (dioctadec-11,12-cyclo-anoyl, n-C18:0 cyclo)	C44H82O10P1	1469356116
cpgn_c	Coprogen	C35H52N6O13Fe	1468326498
cpgn_e	Coprogen	C35H52N6O13Fe	1468326498
cpgn_p	Coprogen	C35H52N6O13Fe	1468326498
cpgn_un_c	Coprogen unloaded (no Fe(III))	C35H52N6O13	None
cpgn_un_e	Coprogen unloaded (no Fe(III))	C35H52N6O13	None
cpgn_un_p	Coprogen unloaded (no Fe(III))	C35H52N6O13	None
cph4_c	6-carboxy-5,6,7,8-tetrahydropterin	C7H8N5O3	1468043918
cpmp_c	Cyclic pyranopterin monophosphate	C10H13N5O8P	1468026483
cpppg3_c	Coproporphyrinogen III	C36H40N4O8	1467894939
crnDcoa_c	D-carnitinyl-CoA	C28H46N8O18P3S	1468047622
crn__D_c	D-Carnitine	C7H15NO3	1467871455
crn__D_e	D-Carnitine	C7H15NO3	1467871455
crn__D_p	D-Carnitine	C7H15NO3	1467871455
crn_c	L-Carnitine	C7H15NO3	1467871455
crn_e	L-Carnitine	C7H15NO3	1467871455
crn_p	L-Carnitine	C7H15NO3	1467871455
crncoa_c	L-Carnitinyl-CoA	C28H46N8O18P3S	1468047622
csn_c	Cytosine	C4H5N3O	1467870314
csn_e	Cytosine	C4H5N3O	1467870314
csn_p	Cytosine	C4H5N3O	1467870314
ctbt_c	Crotonobetaine	C7H13NO2	1467900752
ctbt_p	Crotonobetaine	C7H13NO2	1467900752
ctbtcoa_c	Crotonobetainyl-CoA	C28H44N8O17P3S	1468047606
ctp_c	CTP C9H12N3O14P3	C9H12N3O14P3	1467866360
cu2_c	Copper	Cu	1467866454
cu2_e	Copper	Cu	1467866454
cu2_p	Copper	Cu	1467866454
cu_c	Cu+	Cu	1468093882
cu_e	Cu+	Cu	1468093882
cu_p	Cu+	Cu	1468093882
cyan_c	Hydrogen cyanide	CHN	1467879774
cyan_e	Hydrogen cyanide	CHN	1467879774
cyan_p	Hydrogen cyanide	CHN	1467879774
cynt_c	Cyanate	CNO	1467880404
cynt_e	Cyanate	CNO	1467880404
cynt_p	Cyanate	CNO	1467880404
cys__D_c	D-Cysteine	C3H7NO2S	1467866836
cys__D_e	D-Cysteine	C3H7NO2S	1467866836
cys__D_p	D-Cysteine	C3H7NO2S	1467866836
cys__L_c	L-Cysteine	C3H7NO2S	1467866836
cys__L_e	L-Cysteine	C3H7NO2S	1467866836
cys__L_p	L-Cysteine	C3H7NO2S	1467866836
cyst__L_c	L-Cystathionine	C7H14N2O4S	1467872129
cystrna_c	L-Cysteinyl-tRNA(Cys)	C3H6NOSR	None
cytd_c	Cytidine	C9H13N3O5	1467871323
cytd_e	Cytidine	C9H13N3O5	1467871323
cytd_p	Cytidine	C9H13N3O5	1467871323
dad_2_c	Deoxyadenosine	C10H13N5O3	1467872331
dad_2_e	Deoxyadenosine	C10H13N5O3	1467872331
dad_2_p	Deoxyadenosine	C10H13N5O3	1467872331
dad_5_c	5'-Deoxyadenosine	C10H13N5O3	1467907679
dadp_c	DADP C10H12N5O9P2	C10H12N5O9P2	1467868301
damp_c	DAMP C10H12N5O6P	C10H12N5O6P	1467870079
damp_e	DAMP C10H12N5O6P	C10H12N5O6P	1467870079
damp_p	DAMP C10H12N5O6P	C10H12N5O6P	1467870079
dann_c	7,8-Diaminononanoate	C9H21N2O2	1467877103
datp_c	DATP C10H12N5O12P3	C10H12N5O12P3	1467867300
db4p_c	3,4-dihydroxy-2-butanone 4-phosphate	C4H7O6P	1468002470
dc2coa_c	Trans-Dec-2-enoyl-CoA	C31H48N7O17P3S	1467908174
dcaACP_c	Decanoyl-ACP (n-C10:0ACP)	C21H39N2O8PRS	None
dca_c	Decanoate (n-C10:0)	C10H19O2	None
dca_e	Decanoate (n-C10:0)	C10H19O2	None
dca_p	Decanoate (n-C10:0)	C10H19O2	None
dcacoa_c	Decanoyl-CoA (n-C10:0CoA)	C31H50N7O17P3S	1467908162
dcamp_c	N6-(1,2-Dicarboxyethyl)-AMP	C14H14N5O11P	1467898532
dcdp_c	DCDP C9H12N3O10P2	C9H12N3O10P2	1467873724
dcmp_c	DCMP C9H12N3O7P	C9H12N3O7P	2594275428
dcmp_e	DCMP C9H12N3O7P	C9H12N3O7P	2594275428
dcmp_p	DCMP C9H12N3O7P	C9H12N3O7P	2594275428
dctp_c	DCTP C9H12N3O13P3	C9H12N3O13P3	1467871133
dcyt_c	Deoxycytidine	C9H13N3O4	1467875609
dcyt_e	Deoxycytidine	C9H13N3O4	1467875609
dcyt_p	Deoxycytidine	C9H13N3O4	1467875609
dd2coa_c	Trans-Dodec-2-enoyl-CoA	C33H52N7O17P3S	1467894642
ddcaACP_c	Dodecanoyl-ACP (n-C12:0ACP)	C23H43N2O8PRS	None
ddca_c	Dodecanoate (n-C12:0)	C12H23O2	None
ddca_e	Dodecanoate (n-C12:0)	C12H23O2	None
ddca_p	Dodecanoate (n-C12:0)	C12H23O2	None
ddcacoa_c	Dodecanoyl-CoA (n-C12:0CoA)	C33H54N7O17P3S	1467883918
ddcap_c	Dodecanoly-phosphate (n-C12:0)	C12H24O5P1	None
dgdp_c	DGDP C10H12N5O10P2	C10H12N5O10P2	1467870093
dgmp_c	DGMP C10H12N5O7P	C10H12N5O7P	1467870104
dgmp_e	DGMP C10H12N5O7P	C10H12N5O7P	1467870104
dgmp_p	DGMP C10H12N5O7P	C10H12N5O7P	1467870104
dgslnt_c	Selenodiglutathione	C20H30N6O12S2Se	1468032162
dgsn_c	Deoxyguanosine	C10H13N5O4	1467869751
dgsn_e	Deoxyguanosine	C10H13N5O4	1467869751
dgsn_p	Deoxyguanosine	C10H13N5O4	1467869751
dgtp_c	DGTP C10H12N5O13P3	C10H12N5O13P3	1467869250
dha_c	Dihydroxyacetone	C3H6O3	1467868000
dha_e	Dihydroxyacetone	C3H6O3	1467868000
dha_p	Dihydroxyacetone	C3H6O3	1467868000
dhap_c	Dihydroxyacetone phosphate	C3H5O6P	1467867028
dhcinnm_c	2,3-dihydroxicinnamic acid	C9H7O4	1467981309
dhf_c	7,8-Dihydrofolate	C19H19N7O6	1467870719
dhgly_c	Dehydroglycine	C2H2NO2	1468004899
dhmpt_c	Dihydromonapterin	C9H13N5O4	1467906224
dhmptp_c	Dihydromonapterin-triphosphate	C9H12N5O13P3	1467906370
dhna_c	1,4-Dihydroxy-2-naphthoate	C11H7O4	1467897525
dhnpt_c	Dihydroneopterin	C9H13N5O4	1467906224
dhor__S_c	(S)-Dihydroorotate	C5H5N2O4	1467869829
dhpmp_c	Dihydroneopterin monophosphate	C9H12N5O7P	1467913356
dhpppn_c	3-(2,3-Dihydroxyphenyl)propanoate	C9H9O4	1467900196
dhpt_c	Dihydropteroate	C14H13N6O3	2786297674
dhptd_c	4,5-dihydroxy-2,3-pentanedione	C5H8O4	1467974276
dhptdn_c	6,7-Dihydropteridine	C6H6N4	1467911130
didp_c	DIDP; 2'-deoxyinosine-5'-diphosphate(3-)	C10H11N4O10P2	2594274992
dimp_c	DIMP C10H12N4O7P	C10H11N4O7P	1467915839
dimp_e	DIMP C10H12N4O7P	C10H11N4O7P	1467915839
dimp_p	DIMP C10H12N4O7P	C10H11N4O7P	1467915839
din_c	Deoxyinosine	C10H12N4O4	1467910150
din_e	Deoxyinosine	C10H12N4O4	1467910150
din_p	Deoxyinosine	C10H12N4O4	1467910150
ditp_c	DITP(4-)	C10H11N4O13P3	1467879906
dmbzid_c	5,6-Dimethylbenzimidazole	C9H10N2	1467893838
dmlz_c	6,7-Dimethyl-8-(1-D-ribityl)lumazine	C13H18N4O6	1467902278
dmpp_c	Dimethylallyl diphosphate	C5H9O7P2	1467868655
dms_c	Dimethyl sulfide	C2H6S	1467872515
dms_e	Dimethyl sulfide	C2H6S	1467872515
dms_p	Dimethyl sulfide	C2H6S	1467872515
dmso_c	Dimethyl sulfoxide	C2H6OS	1467967456
dmso_e	Dimethyl sulfoxide	C2H6OS	1467967456
dmso_p	Dimethyl sulfoxide	C2H6OS	1467967456
dnad_c	Deamino-NAD+	C21H24N6O15P2	1467875359
dopa_e	Dopamine	C8H12NO2	1467898292
dopa_p	Dopamine	C8H12NO2	1467898292
doxrbcn_e	Doxorubicin	C27H29NO11	1467882393
doxrbcn_p	Doxorubicin	C27H29NO11	1467882393
dpcoa_c	Dephospho-CoA	C21H33N7O13P2S	1467875621
dsbaox_p	Periplasmic protein disulfide isomerase I (oxidized)	X	None
dsbard_p	Periplasmic protein disulfide isomerase I (reduced)	XH2	None
dsbcox_p	Protein disulfide isomerase II (oxidized)	X	None
dsbcrd_p	Protein disulfide isomerase II (reduced)	XH2	None
dsbdox_c	Fused thiol:disulfide interchange protein (oxidized)	X	None
dsbdrd_c	Fused thiol:disulfide interchange protein (reduced)	XH2	None
dsbgox_p	Periplasmic disulfide isomerase/thiol-disulphide oxidase (oxidized)	X	None
dsbgrd_p	Periplasmic disulfide isomerase/thiol-disulphide oxidase (reduced)	XH2	None
dscl_c	Dihydrosirohydrochlorin	C42H41N4O16	1467888947
dtbt_c	Dethiobiotin	C10H17N2O3	1467884631
dtdp4aaddg_c	DTDP-4-acetamido-4,6-dideoxy-D-galactose	C18H27N3O15P2	1467914186
dtdp4addg_c	DTDP-4-amino-4,6-dideoxy-D-galactose	C16H26N3O14P2	1467901797
dtdp4d6dg_c	DTDP-4-dehydro-6-deoxy-D-glucose	C16H22N2O15P2	1467873553
dtdp4d6dm_c	DTDP-4-dehydro-6-deoxy-L-mannose	C16H22N2O15P2	1467873553
dtdp_c	DTDP C10H13N2O11P2	C10H13N2O11P2	1467870119
dtdpglu_c	DTDPglucose	C16H24N2O16P2	1467875183
dtdprmn_c	DTDP-L-rhamnose	C16H24N2O15P2	1467894335
dtmp_c	DTMP C10H13N2O8P	C10H13N2O8P	1467870132
dtmp_e	DTMP C10H13N2O8P	C10H13N2O8P	1467870132
dtmp_p	DTMP C10H13N2O8P	C10H13N2O8P	1467870132
dttp_c	DTTP C10H13N2O14P3	C10H13N2O14P3	1467871146
dudp_c	DUDP C9H11N2O11P2	C9H11N2O11P2	1467879916
dump_c	DUMP C9H11N2O8P	C9H11N2O8P	1467870149
dump_e	DUMP C9H11N2O8P	C9H11N2O8P	1467870149
dump_p	DUMP C9H11N2O8P	C9H11N2O8P	1467870149
duri_c	Deoxyuridine	C9H12N2O5	1467871955
duri_e	Deoxyuridine	C9H12N2O5	1467871955
duri_p	Deoxyuridine	C9H12N2O5	1467871955
dutp_c	DUTP C9H11N2O14P3	C9H11N2O14P3	1467871159
dxyl5p_c	1-deoxy-D-xylulose 5-phosphate	C5H9O7P	1467970452
dxyl_c	1-deoxy-D-xylulose	C5H10O4	1467916267
e4p_c	D-Erythrose 4-phosphate	C4H7O7P	1467869180
eca2und_p	(enterobacterial common antigen)x2 undecaprenyl-diphosphate	C103H162N6O37P2	None
eca3und_p	(enterobacterial common antigen)x3 undecaprenyl-diphosphate	C127H198N9O52P2	None
eca4colipa_e	(enterobacterial common antigen)x4 core oligosaccharide lipid A	C272H447N14O160P4	None
eca4colipa_p	(enterobacterial common antigen)x4 core oligosaccharide lipid A	C272H447N14O160P4	None
eca4und_p	(enterobacterial common antigen)x4 undecaprenyl-diphosphate	C151H234N12O67P2	None
egmeACP_c	Enoylglutaryl-[acyl-carrier protein] methyl ester	C17H27N2O10PRS	None
eig3p_c	D-erythro-1-(Imidazol-4-yl)glycerol 3-phosphate	C6H9N2O6P	1467904668
enlipa_e	Phosphoethanolamine KDO(2)-lipid (A)	C112H202N3O42P3	None
enlipa_p	Phosphoethanolamine KDO(2)-lipid (A)	C112H202N3O42P3	None
enter_c	Enterochelin	C30H27N3O15	1467912548
enter_e	Enterochelin	C30H27N3O15	1467912548
enter_p	Enterochelin	C30H27N3O15	1467912548
epmeACP_c	Enoylpimeloyl-[acyl-carrier protein] methyl ester	C19H31N2O10PRS	None
etha_c	Ethanolamine	C2H8NO	1467868075
etha_e	Ethanolamine	C2H8NO	1467868075
etha_p	Ethanolamine	C2H8NO	1467868075
ethso3_c	Ethanesulfonate	C2H5O3S	1468160952
ethso3_e	Ethanesulfonate	C2H5O3S	1468160952
ethso3_p	Ethanesulfonate	C2H5O3S	1468160952
etoh_c	Ethanol	C2H6O	1467871246
etoh_e	Ethanol	C2H6O	1467871246
etoh_p	Ethanol	C2H6O	1467871246
f1p_c	D-Fructose 1-phosphate	C6H11O9P	1467877616
f6p_c	D-Fructose 6-phosphate	C6H11O9P	1468057101
f6p_e	D-Fructose 6-phosphate	C6H11O9P	1468057101
f6p_p	D-Fructose 6-phosphate	C6H11O9P	1468057101
fad_c	Flavin adenine dinucleotide oxidized	C27H31N9O15P2	1467865731
fadh2_c	Flavin adenine dinucleotide reduced	C27H33N9O15P2	1467879956
fald_c	Formaldehyde	CH2O	1467866414
fald_e	Formaldehyde	CH2O	1467866414
fald_p	Formaldehyde	CH2O	1467866414
fc1p_c	L-Fuculose 1-phosphate	C6H11O8P	1467877663
fcl__L_c	L-fuculose	C6H12O5	1467875411
fdp_c	D-Fructose 1,6-bisphosphate	C6H10O12P2	1467870021
fe2_c	Fe2+ mitochondria	Fe	1467995313
fe2_e	Fe2+ mitochondria	Fe	1467995313
fe2_p	Fe2+ mitochondria	Fe	1467995313
fe3_c	Fe3+	Fe	1467995326
fe3_e	Fe3+	Fe	1467995326
fe3_p	Fe3+	Fe	1467995326
fe3dcit_e	Fe(III)dicitrate	C12H10FeO14	1467916091
fe3dcit_p	Fe(III)dicitrate	C12H10FeO14	1467916091
fe3dhbzs_c	Ferric 2,3-dihydroxybenzoylserine	C10H10NO6Fe	None
fe3dhbzs_e	Ferric 2,3-dihydroxybenzoylserine	C10H10NO6Fe	None
fe3dhbzs_p	Ferric 2,3-dihydroxybenzoylserine	C10H10NO6Fe	None
fe3hox_c	Fe(III)hydroxamate	C9H18O6N3Fe	None
fe3hox_e	Fe(III)hydroxamate	C9H18O6N3Fe	None
fe3hox_p	Fe(III)hydroxamate	C9H18O6N3Fe	None
fe3hox_un_c	Fe(III)hydoxamate, unloaded	C9H18O6N3	None
fe3hox_un_e	Fe(III)hydoxamate, unloaded	C9H18O6N3	None
fe3hox_un_p	Fe(III)hydoxamate, unloaded	C9H18O6N3	None
fecrm_c	Ferrichrome	C27H42FeN9O12	None
fecrm_e	Ferrichrome	C27H42FeN9O12	None
fecrm_p	Ferrichrome	C27H42FeN9O12	None
fecrm_un_c	Ferrichrome minus Fe(III)	C27H42N9O12	None
fecrm_un_e	Ferrichrome minus Fe(III)	C27H42N9O12	None
fecrm_un_p	Ferrichrome minus Fe(III)	C27H42N9O12	None
feenter_c	Fe-enterobactin	C30H27FeN3O15	1467916099
feenter_e	Fe-enterobactin	C30H27FeN3O15	1467916099
feenter_p	Fe-enterobactin	C30H27FeN3O15	1467916099
feoxam_c	Generic ferrioxamine-Fe-III	C25H46FeN6O8	None
feoxam_e	Generic ferrioxamine-Fe-III	C25H46FeN6O8	None
feoxam_p	Generic ferrioxamine-Fe-III	C25H46FeN6O8	None
feoxam_un_c	Ferroxamine minus Fe(3)	C25H46N6O8	None
feoxam_un_e	Ferroxamine minus Fe(3)	C25H46N6O8	None
feoxam_un_p	Ferroxamine minus Fe(3)	C25H46N6O8	None
fgam_c	N2-Formyl-N1-(5-phospho-D-ribosyl)glycinamide	C8H13N2O9P	1467902561
flxr_c	Flavodoxin reduced	XH	None
flxso_c	Flavodoxin semi oxidized	XH	None
fmettrna_c	N-Formylmethionyl-tRNA	C6H9NO2SR	None
fmn_c	FMN C17H19N4O9P	C17H19N4O9P	1467866330
fmnh2_c	Reduced FMN	C17H21N4O9P	1467884067
for_c	Formate	CH1O2	1467866289
for_e	Formate	CH1O2	1467866289
for_p	Formate	CH1O2	1467866289
forcoa_c	Formyl-CoA(4-)	C22H32N7O17P3S	1467874666
fpram_c	2-(Formamido)-N1-(5-phospho-D-ribosyl)acetamidine	C8H15N3O8P	1468451849
fprica_c	5-Formamido-1-(5-phospho-D-ribosyl)imidazole-4-carboxamide	C10H13N4O9P	1467905230
frdp_c	Farnesyl diphosphate	C15H25O7P2	1467871046
fru_c	D-Fructose	C6H12O6	1467868822
fru_e	D-Fructose	C6H12O6	1467868822
fru_p	D-Fructose	C6H12O6	1467868822
frulys_c	Fructoselysine	C12H25N2O7	1468010852
frulys_e	Fructoselysine	C12H25N2O7	1468010852
frulys_p	Fructoselysine	C12H25N2O7	1468010852
frulysp_c	Fructoselysine Phosphate	C12H24N2O10P	None
fruur_c	D-Fructuronate	C6H9O7	1467872320
fruur_e	D-Fructuronate	C6H9O7	1467872320
fruur_p	D-Fructuronate	C6H9O7	1467872320
fuc__L_c	L-Fucose	C6H12O5	1467871718
fuc__L_e	L-Fucose	C6H12O5	1467871718
fuc__L_p	L-Fucose	C6H12O5	1467871718
fum_c	Fumarate	C4H2O4	1556657558
fum_e	Fumarate	C4H2O4	1556657558
fum_p	Fumarate	C4H2O4	1556657558
fusa_e	Fusidic acid	C31H48O5	1467920451
fusa_p	Fusidic acid	C31H48O5	1467920451
g1p_c	D-Glucose 1-phosphate	C6H11O9P	1467866916
g1p_e	D-Glucose 1-phosphate	C6H11O9P	1467866916
g1p_p	D-Glucose 1-phosphate	C6H11O9P	1467866916
g3p_c	Glyceraldehyde 3-phosphate	C3H5O6P	1467867117
g3pc_c	Sn-Glycero-3-phosphocholine	C8H20NO6P	1467873383
g3pc_e	Sn-Glycero-3-phosphocholine	C8H20NO6P	1467873383
g3pc_p	Sn-Glycero-3-phosphocholine	C8H20NO6P	1467873383
g3pe_c	Sn-Glycero-3-phosphoethanolamine	C5H14NO6P	1467878992
g3pe_e	Sn-Glycero-3-phosphoethanolamine	C5H14NO6P	1467878992
g3pe_p	Sn-Glycero-3-phosphoethanolamine	C5H14NO6P	1467878992
g3pg_c	Glycerophosphoglycerol	C6H14O8P	1467895015
g3pg_e	Glycerophosphoglycerol	C6H14O8P	1467895015
g3pg_p	Glycerophosphoglycerol	C6H14O8P	1467895015
g3pi_c	Sn-Glycero-3-phospho-1-inositol	C9H18O11P	1467878908
g3pi_e	Sn-Glycero-3-phospho-1-inositol	C9H18O11P	1467878908
g3pi_p	Sn-Glycero-3-phospho-1-inositol	C9H18O11P	1467878908
g3ps_c	Glycerophosphoserine	C6H13NO8P	1469340755
g3ps_e	Glycerophosphoserine	C6H13NO8P	1469340755
g3ps_p	Glycerophosphoserine	C6H13NO8P	1469340755
g6p_c	D-Glucose 6-phosphate	C6H11O9P	1467866763
g6p_e	D-Glucose 6-phosphate	C6H11O9P	1467866763
g6p_p	D-Glucose 6-phosphate	C6H11O9P	1467866763
gagicolipa_c	Galactosyl-glucosyl-inner core oligosaccharide lipid A	C157H271N2O84P4	2604447601
gal1p_c	Alpha-D-Galactose 1-phosphate	C6H11O9P	1467866916
gal1p_e	Alpha-D-Galactose 1-phosphate	C6H11O9P	1467866916
gal1p_p	Alpha-D-Galactose 1-phosphate	C6H11O9P	1467866916
gal_bD_e	Beta D-Galactose	C6H12O6	1467865936
gal_bD_p	Beta D-Galactose	C6H12O6	1467865936
gal_c	D-Galactose	C6H12O6	1467865936
gal_e	D-Galactose	C6H12O6	1467865936
gal_p	D-Galactose	C6H12O6	1467865936
galct__D_c	D-Galactarate	C6H8O8	1467874918
galct__D_e	D-Galactarate	C6H8O8	1467874918
galct__D_p	D-Galactarate	C6H8O8	1467874918
galctn__D_c	D-Galactonate	C6H11O7	1467868971
galctn__D_e	D-Galactonate	C6H11O7	1467868971
galctn__D_p	D-Galactonate	C6H11O7	1467868971
galctn__L_c	L-Galactonate	C6H11O7	1467868971
galctn__L_e	L-Galactonate	C6H11O7	1467868971
galctn__L_p	L-Galactonate	C6H11O7	1467868971
galt1p_c	Galactitol 1-phosphate	C6H13O9P	1467873168
galt_e	Galactitol	C6H14O6	1569819235
galt_p	Galactitol	C6H14O6	1569819235
galur_c	D-Galacturonate	C6H9O7	1467868103
galur_e	D-Galacturonate	C6H9O7	1467868103
galur_p	D-Galacturonate	C6H9O7	1467868103
gam1p_c	D-Glucosamine 1-phosphate	C6H13NO8P	1467898462
gam6p_c	D-Glucosamine 6-phosphate	C6H13NO8P	1467869989
gam6p_e	D-Glucosamine 6-phosphate	C6H13NO8P	1467869989
gam6p_p	D-Glucosamine 6-phosphate	C6H13NO8P	1467869989
gam_e	D-Glucosamine	C6H14NO5	1569658130
gam_p	D-Glucosamine	C6H14NO5	1569658130
gar_c	N1-(5-Phospho-D-ribosyl)glycinamide	C7H14N2O8P	1467898800
garagund_c	Glucosyl-O-acetyl-rhamanosyl-N-acetylglucosamyl-undecaprenyl diphosphate	C77H125N1O22P2	1469314439
gbbtn_c	Gamma-butyrobetaine	C7H15NO2	1467878476
gbbtn_e	Gamma-butyrobetaine	C7H15NO2	1467878476
gbbtn_p	Gamma-butyrobetaine	C7H15NO2	1467878476
gcald_c	Glycolaldehyde	C2H4O2	1467869079
gdp_c	GDP C10H12N5O11P2	C10H12N5O11P2	1467865994
gdp_e	GDP C10H12N5O11P2	C10H12N5O11P2	1467865994
gdp_p	GDP C10H12N5O11P2	C10H12N5O11P2	1467865994
gdpddman_c	GDP-4-dehydro-6-deoxy-D-mannose	C16H21N5O15P2	1467878882
gdpfuc_c	GDP-L-fucose	C16H23N5O15P2	1467869690
gdpmann_c	GDP-D-mannose	C16H23N5O16P2	1467866821
gdpofuc_c	GDP-4-oxo-L-fucose	C16H21N5O15P2	1467878882
gdptp_c	Guanosine 3'-diphosphate 5'-triphosphate	C10H11N5O20P5	1467903365
gfgaragund_c	Galactofuranosyl-glucosyl-O-acetyl-rhamanosyl-N-acetylglucosamyl-undecaprenyl diphosphate	C83H135N1O27P2	1469397036
gg4abut_c	Gamma-glutamyl-gamma aminobutyric acid	C9H15O5N2	1468004493
ggagicolipa_c	Glucosyl-galactosyl-glucosyl-inner core oligosaccharide lipid A	C163H281N2O89P4	2604447655
ggbutal_c	Gamma-glutamyl-gamma-butyraldehyde	C9H16O4N2	1468003832
gggagicolipa_c	Glucosyl-glucosyl-galactosyl-glucosyl-inner core oligosaccharide lipid A	C169H291N2O94P4	2604447337
ggptrc_c	Gamma-glutamyl-putrescine	C9H20O3N3	1468003823
ghb_c	Gamma-hydroxybutyrate	C4H7O3	1467876642
gicolipa_c	Glucosyl-inner core oligosaccharide lipid A	C151H261N2O79P4	None
glc__D_c	D-Glucose	C6H12O6	1467865936
glc__D_e	D-Glucose	C6H12O6	1467865936
glc__D_p	D-Glucose	C6H12O6	1467865936
glcn_c	D-Gluconate	C6H11O7	1467868971
glcn_e	D-Gluconate	C6H11O7	1467868971
glcn_p	D-Gluconate	C6H11O7	1467868971
glcr_c	D-Glucarate	C6H8O8	1467874918
glcr_e	D-Glucarate	C6H8O8	1467874918
glcr_p	D-Glucarate	C6H8O8	1467874918
glcur1p_e	D-Glucuronate 1-phosphate	C6H8O10P	1467900146
glcur1p_p	D-Glucuronate 1-phosphate	C6H8O10P	1467900146
glcur_c	D-Glucuronate	C6H9O7	1467868103
glcur_e	D-Glucuronate	C6H9O7	1467868103
glcur_p	D-Glucuronate	C6H9O7	1467868103
gln__L_c	L-Glutamine	C5H10N2O3	1467866374
gln__L_e	L-Glutamine	C5H10N2O3	1467866374
gln__L_p	L-Glutamine	C5H10N2O3	1467866374
glntrna_c	L-Glutaminyl-tRNA(Gln)	C5H9N2O2R	None
glu1sa_c	L-Glutamate 1-semialdehyde	C5H9NO3	1467898172
glu5p_c	L-Glutamate 5-phosphate	C5H8NO7P	1467895085
glu5sa_c	L-Glutamate 5-semialdehyde	C5H9NO3	1467878310
glu__D_c	D-Glutamate	C5H8NO4	1467865856
glu__L_c	L-Glutamate	C5H8NO4	1467865856
glu__L_e	L-Glutamate	C5H8NO4	1467865856
glu__L_p	L-Glutamate	C5H8NO4	1467865856
glucys_c	Gamma-L-Glutamyl-L-cysteine	C8H13N2O5S	1467873367
glutrna_c	L-Glutamyl-tRNA(Glu)	C5H7NO3R	None
glx_c	Glyoxylate	C2H1O3	1467866177
gly_c	Glycine	C2H5NO2	1467866026
gly_e	Glycine	C2H5NO2	1467866026
gly_p	Glycine	C2H5NO2	1467866026
glyald_c	D-Glyceraldehyde	C3H6O3	1467872492
glyald_e	D-Glyceraldehyde	C3H6O3	1467872492
glyald_p	D-Glyceraldehyde	C3H6O3	1467872492
glyb_c	Glycine betaine	C5H11NO2	1467873865
glyb_e	Glycine betaine	C5H11NO2	1467873865
glyb_p	Glycine betaine	C5H11NO2	1467873865
glyc2p_c	Glycerol 2-phosphate	C3H7O6P	1467892727
glyc2p_e	Glycerol 2-phosphate	C3H7O6P	1467892727
glyc2p_p	Glycerol 2-phosphate	C3H7O6P	1467892727
glyc3p_c	Glycerol 3-phosphate	C3H7O6P	1467866778
glyc3p_e	Glycerol 3-phosphate	C3H7O6P	1467866778
glyc3p_p	Glycerol 3-phosphate	C3H7O6P	1467866778
glyc__R_c	(R)-Glycerate	C3H5O4	1467868986
glyc__R_e	(R)-Glycerate	C3H5O4	1467868986
glyc__R_p	(R)-Glycerate	C3H5O4	1467868986
glyc_c	Glycerol	C3H8O3	1467867087
glyc_e	Glycerol	C3H8O3	1467867087
glyc_p	Glycerol	C3H8O3	1467867087
glyclt_c	Glycolate C2H3O3	C2H3O3	1467867702
glyclt_e	Glycolate C2H3O3	C2H3O3	1467867702
glyclt_p	Glycolate C2H3O3	C2H3O3	1467867702
glycogen_c	Glycogen C6H10O5	C6H10O5	1467867976
glytrna_c	Glycyl-tRNA(Gly)	C2H4NOR	None
gmeACP_c	Glutaryl-[acyl-carrier protein] methyl ester	C17H29N2O10PRS	None
gmhep17bp_c	D-Glycero-D-manno-heptose 1,7-bisphosphate	C7H12O13P2	1467970699
gmhep1p_c	D-Glycero-D-manno-heptose 1-phosphate	C7H13O10P	1467929919
gmhep7p_c	D-Glycero-D-manno-heptose 7-phosphate	C7H13O10P	1467929896
gmp_c	GMP C10H12N5O8P	C10H12N5O8P	1467867475
gmp_e	GMP C10H12N5O8P	C10H12N5O8P	1467867475
gmp_p	GMP C10H12N5O8P	C10H12N5O8P	1467867475
gp4g_c	P1,P4-Bis(5'-guanosyl) tetraphosphate	C20H24N10O21P4	1467879221
grdp_c	Geranyl diphosphate	C10H17O7P2	1467869865
grxox_c	Glutaredoxin (oxidized)	X	None
grxrd_c	Glutaredoxin (reduced)	XH2	None
gslnt_c	Glutathiolselenolate	C10H16N3O6SSe	None
gsn_c	Guanosine	C10H13N5O5	1467870385
gsn_e	Guanosine	C10H13N5O5	1467870385
gsn_p	Guanosine	C10H13N5O5	1467870385
gthox_c	Oxidized glutathione	C20H30N6O12S2	1467867240
gthox_e	Oxidized glutathione	C20H30N6O12S2	1467867240
gthox_p	Oxidized glutathione	C20H30N6O12S2	1467867240
gthrd_c	Reduced glutathione	C10H16N3O6S	1467866214
gthrd_e	Reduced glutathione	C10H16N3O6S	1467866214
gthrd_p	Reduced glutathione	C10H16N3O6S	1467866214
gtp_c	GTP C10H12N5O14P3	C10H12N5O14P3	1467866127
gtp_e	GTP C10H12N5O14P3	C10H12N5O14P3	1467866127
gtp_p	GTP C10H12N5O14P3	C10H12N5O14P3	1467866127
gtspmd_c	Glutathionylspermidine	C17H36N6O5S	1467911802
gua_c	Guanine	C5H5N5O	1467868747
gua_e	Guanine	C5H5N5O	1467868747
gua_p	Guanine	C5H5N5O	1467868747
h2_c	Hydrogen	H2	1469444647
h2_e	Hydrogen	H2	1469444647
h2_p	Hydrogen	H2	1469444647
h2mb4p_c	1-hydroxy-2-methyl-2-(E)-butenyl 4-diphosphate	C5H9O8P2	1467974028
h2o2_c	Hydrogen peroxide	H2O2	1467865888
h2o2_e	Hydrogen peroxide	H2O2	1467865888
h2o2_p	Hydrogen peroxide	H2O2	1467865888
h2o_c	H2O H2O	H2O	1467879801
h2o_e	H2O H2O	H2O	1467879801
h2o_p	H2O H2O	H2O	1467879801
hydroxyl_radical	HO	HO	1468014334
h2s_c	Hydrogen sulfide	H2S	1467869221
h2s_e	Hydrogen sulfide	H2S	1467869221
h2s_p	Hydrogen sulfide	H2S	1467869221
h_c	H+	H	1469442031
h_e	H+	H	1469442031
h_p	H+	H	1469442031
hacolipa_e	Hepta-acylated core oligosaccharide lipid A (E. coli)	C192H333N2O101P4	None
halipa_e	Hepta-acylated KDO(2)-lipid (A)	C126H226N2O40P2	None
hco3_c	Bicarbonate	CHO3	1467879966
hcys__L_c	L-Homocysteine	C4H9NO2S	1467867625
hdca_c	Hexadecanoate (n-C16:0)	C16H31O2	1467868847
hdca_e	Hexadecanoate (n-C16:0)	C16H31O2	1467868847
hdca_p	Hexadecanoate (n-C16:0)	C16H31O2	1467868847
hdcap_c	Hexadecanoyl-phosphate (n-C16:0)	C16H32O5P	None
hdcea_c	Hexadecenoate (n-C16:1)	C16H29O2	1467933773
hdcea_e	Hexadecenoate (n-C16:1)	C16H29O2	1467933773
hdcea_p	Hexadecenoate (n-C16:1)	C16H29O2	1467933773
hdceap_c	Hexadecanoyl-phosphate (n-C16:1)	C16H30O5P	None
hdcoa_c	Hexadecenoyl-CoA (n-C16:1CoA)	C37H60N7O17P3S	None
hdd2coa_c	Trans-Hexadec-2-enoyl-CoA	C37H60N7O17P3S	1467908137
hdeACP_c	Cis-hexadec-9-enoyl-[acyl-carrier protein] (n-C16:1)	C27H49N2O8PRS	None
hemeO_c	Heme O C49H56FeN4O5	C49H56FeN4O5	1468003536
hexACP_c	Hexanoyl-ACP (n-C6:0ACP)	C17H31N2O8PRS	2774318163
hg2_c	Mercury  charged 2  Hg	Hg	1467873702
hg2_e	Mercury  charged 2  Hg	Hg	1467873702
hg2_p	Mercury  charged 2  Hg	Hg	1467873702
hgmeACP_c	3-Hydroxyglutaryl-[acyl-carrier protein] methyl ester	C17H29N2O11PRS	None
hhlipa_c	Heptosyl-heptosyl-kdo2-lipidA	C124H220N2O51P2	1468217058
his__L_c	L-Histidine	C6H9N3O2	1467867359
his__L_e	L-Histidine	C6H9N3O2	1467867359
his__L_p	L-Histidine	C6H9N3O2	1467867359
hisp_c	L-Histidinol phosphate	C6H11N3O4P	1467877674
histd_c	L-Histidinol	C6H12N3O	2592796901
histrna_c	L-Histidyl-tRNA(His)	C6H8N3OR	None
hkndd_c	2-Hydroxy-6-oxonona-2,4-diene-1,9-dioate	C9H8O6	1467903243
hkntd_c	2-hydroxy-6-ketononatrienedioate	C9H6O6	1467981320
hlipa_c	Heptosyl-kdo2-lipidA	C117H208N2O45P2	None
hmbil_c	Hydroxymethylbilane	C40H38N4O17	1467876986
hmgth_c	Hydroxymethylglutathione	C11H18N3O7S	629297350
hom__L_c	L-Homoserine	C4H9NO3	1467869044
hom__L_e	L-Homoserine	C4H9NO3	1467869044
hom__L_p	L-Homoserine	C4H9NO3	1467869044
hphhlipa_c	Heptosyl-phospho-heptosyl-heptosyl-kdo2-lipidA	C131H231N2O60P3	1469329025
hpmeACP_c	3-Hydroxypimeloyl-[acyl-carrier protein] methyl ester	C19H33N2O11PRS	None
hpyr_c	Hydroxypyruvate	C3H3O4	1467867813
hqn_c	Hydroquinone	C6H6O2	1467871989
hx2coa_c	Trans-Hex-2-enoyl-CoA	C27H40N7O17P3S	1467908124
hxa_c	Hexanoate (n-C6:0)	C6H11O2	1467881737
hxa_e	Hexanoate (n-C6:0)	C6H11O2	1467881737
hxa_p	Hexanoate (n-C6:0)	C6H11O2	1467881737
hxan_c	Hypoxanthine	C5H4N4O	1467869030
hxan_e	Hypoxanthine	C5H4N4O	1467869030
hxan_p	Hypoxanthine	C5H4N4O	1467869030
hxcoa_c	Hexanoyl-CoA (n-C6:0CoA)	C27H42N7O17P3S	None
iasp_c	Iminoaspartate	C4H3NO4	1467912737
ichor_c	Isochorismate	C10H8O6	1467875657
icit_c	Isocitrate	C6H5O7	1467869532
icolipa_c	Inner core oligosaccharide lipid A (E coli)	C145H251N2O74P4	None
idon__L_c	L-Idonate	C6H11O7	1467868971
idon__L_e	L-Idonate	C6H11O7	1467868971
idon__L_p	L-Idonate	C6H11O7	1467868971
idp_c	IDP C10H11N4O11P2	C10H11N4O11P2	1467866932
ile__L_c	L-Isoleucine	C6H13NO2	1467870608
ile__L_e	L-Isoleucine	C6H13NO2	1467870608
ile__L_p	L-Isoleucine	C6H13NO2	1467870608
iletrna_c	L-Isoleucyl-tRNA(Ile)	C6H12NOR	None
imacp_c	3-(Imidazol-4-yl)-2-oxopropyl phosphate	C6H7N2O5P	1467879286
imp_c	IMP C10H11N4O8P	C10H11N4O8P	2594275428
imp_e	IMP C10H11N4O8P	C10H11N4O8P	2594275428
imp_p	IMP C10H11N4O8P	C10H11N4O8P	2594275428
indole_c	Indole	C8H7N	1467871193
indole_e	Indole	C8H7N	1467871193
indole_p	Indole	C8H7N	1467871193
inost_c	Myo-Inositol	C6H12O6	1467867385
inost_e	Myo-Inositol	C6H12O6	1467867385
inost_p	Myo-Inositol	C6H12O6	1467867385
ins_c	Inosine	C10H12N4O5	1467869312
ins_e	Inosine	C10H12N4O5	1467869312
ins_p	Inosine	C10H12N4O5	1467869312
ipdp_c	Isopentenyl diphosphate	C5H9O7P2	1467867268
iscs_c	IscS sulfur acceptor protein	HSR	None
iscssh_c	IscS with bound sulfur	HS2R	None
iscu_2fe2s2_c	IscU with two bound [2Fe-2S] clusters	O2S10Fe4R	None
iscu_2fe2s_c	IscU with bound [2Fe-2S] cluster	H4O2S8Fe2R	None
iscu_4fe4s_c	IscU with bound [4Fe-4S] cluster	H4O2S10Fe4R	None
iscu_c	IscU scaffold protein	H8O2S6R	None
isetac_c	Isethionic acid	C2H5O4S	1467907148
isetac_e	Isethionic acid	C2H5O4S	1467907148
isetac_p	Isethionic acid	C2H5O4S	1467907148
itp_c	ITP C10H11N4O14P3	C10H11N4O14P3	1467866603
k_c	Potassium	K	1468121586
k_e	Potassium	K	1468121586
k_p	Potassium	K	1468121586
kdo2lipid4L_c	KDO(2)-lipid IV(A) with laurate	C96H170N2O38P2	None
kdo2lipid4_c	KDO(2)-lipid IV(A)	C84H148N2O37P2	1467914263
kdo2lipid4_e	KDO(2)-lipid IV(A)	C84H148N2O37P2	1467914263
kdo2lipid4_p	KDO(2)-lipid IV(A)	C84H148N2O37P2	1467914263
kdo2lipid4p_c	KDO(2)-lipid IV(A) with palmitoleoyl	C100H176N2O38P2	None
kdo8p_c	3-Deoxy-D-manno-octulosonate 8-phosphate	C8H12O11P	1467903231
kdo_c	3-Deoxy-D-manno-2-octulosonate	C8H13O8	1467878539
kdolipid4_c	KDO-lipid IV(A)	C76H137N2O30P2	1467914252
kphphhlipa_c	Kdo-phospho-heptosyl-phospho-heptosyl-heptosyl-kdo2-lipidA	C139H241N2O70P4	1469328702
lac__D_c	D-Lactate	C3H5O3	1467868029
lac__D_e	D-Lactate	C3H5O3	1467868029
lac__D_p	D-Lactate	C3H5O3	1467868029
lac__L_c	L-Lactate	C3H5O3	1467868029
lac__L_e	L-Lactate	C3H5O3	1467868029
lac__L_p	L-Lactate	C3H5O3	1467868029
lald__D_c	D-Lactaldehyde	C3H6O2	1467870817
lald__L_c	L-Lactaldehyde	C3H6O2	1467870817
lcts_c	Lactose C12H22O11	C12H22O11	1467868016
lcts_e	Lactose C12H22O11	C12H22O11	1467868016
lcts_p	Lactose C12H22O11	C12H22O11	1467868016
leu__L_c	L-Leucine	C6H13NO2	1467867191
leu__L_e	L-Leucine	C6H13NO2	1467867191
leu__L_p	L-Leucine	C6H13NO2	1467867191
leutrna_c	L-Leucyl-tRNA(Leu)	C6H12NOR	None
lgt__S_c	(R)-S-Lactoylglutathione	C13H20N3O8S	1467896139
lipa_c	KDO(2)-lipid (A)	C110H196N2O39P2	None
lipa_cold_c	Cold adapted KDO(2)-lipid (A)	C114H202N2O39P2	1468217170
lipa_cold_e	Cold adapted KDO(2)-lipid (A)	C114H202N2O39P2	1468217170
lipa_cold_p	Cold adapted KDO(2)-lipid (A)	C114H202N2O39P2	1468217170
lipa_e	KDO(2)-lipid (A)	C110H196N2O39P2	None
lipa_p	KDO(2)-lipid (A)	C110H196N2O39P2	None
lipidA_c	2,3,2'3'-Tetrakis(beta-hydroxymyristoyl)-D-glucosaminyl-1,6-beta-D-glucosamine 1,4'-bisphosphate	C68H126N2O23P2	1467906559
lipidAds_c	Lipid A Disaccharide	C68H127N2O20P	1467906651
lipidX_c	2,3-Bis(3-hydroxytetradecanoyl)-beta-D-glucosaminyl 1-phosphate	C34H64NO12P	1467905866
lipoamp_c	Lipoyl-AMP	C18H25N5O8PS2	1468008479
lipoate_c	Lipoate	C8H14O2S2	1467873917
lipoate_e	Lipoate	C8H14O2S2	1467873917
lipoate_p	Lipoate	C8H14O2S2	1467873917
lipopb_c	Lipoate (protein bound)	C8H13OS2	None
lpp_p	Lipoprotein	XC16H30O1	None
lys__L_c	L-Lysine	C6H15N2O2	1467866162
lys__L_e	L-Lysine	C6H15N2O2	1467866162
lys__L_p	L-Lysine	C6H15N2O2	1467866162
lystrna_c	L-Lysine-tRNA (Lys)	C6H14N2OR	None
lyx__L_c	L-Lyxose	C5H10O5	1467970739
lyx__L_e	L-Lyxose	C5H10O5	1467970739
lyx__L_p	L-Lyxose	C5H10O5	1467970739
malACP_c	Malonyl-[acyl-carrier protein]	C14H22N2O10PRS	None
mal__D_c	D-Malate	C4H4O5	1467867543
mal__D_e	D-Malate	C4H4O5	1467867543
mal__D_p	D-Malate	C4H4O5	1467867543
mal__L_c	L-Malate	C4H4O5	1467867543
mal__L_e	L-Malate	C4H4O5	1467867543
mal__L_p	L-Malate	C4H4O5	1467867543
malcoa_c	Malonyl CoA C24H33N7O19P3S	C24H33N7O19P3S	1467866633
malcoame_c	Malonyl-CoA methyl ester	C25H36N7O19P3S	1468269444
malt6p_c	Maltose 6'-phosphate	C12H21O14P	1467892879
malt_c	Maltose C12H22O11	C12H22O11	2786422988
malt_e	Maltose C12H22O11	C12H22O11	2786422988
malt_p	Maltose C12H22O11	C12H22O11	2786422988
malthp_c	Maltoheptaose	C42H72O36	1467916012
malthx_c	Maltohexaose	C36H62O31	1467884861
malthx_e	Maltohexaose	C36H62O31	1467884861
malthx_p	Maltohexaose	C36H62O31	1467884861
maltpt_c	Maltopentaose	C30H52O26	None
maltpt_e	Maltopentaose	C30H52O26	None
maltpt_p	Maltopentaose	C30H52O26	None
malttr_c	Maltotriose C18H32O16	C18H32O16	1467870783
malttr_e	Maltotriose C18H32O16	C18H32O16	1467870783
malttr_p	Maltotriose C18H32O16	C18H32O16	1467870783
maltttr_c	Maltotetraose	C24H42O21	1467883757
maltttr_e	Maltotetraose	C24H42O21	1467883757
maltttr_p	Maltotetraose	C24H42O21	1467883757
man1p_c	D-Mannose 1-phosphate	C6H11O9P	1467866916
man6p_c	D-Mannose 6-phosphate	C6H11O9P	1467866763
man6p_e	D-Mannose 6-phosphate	C6H11O9P	1467866763
man6p_p	D-Mannose 6-phosphate	C6H11O9P	1467866763
man6pglyc_c	2(alpha-D-Mannosyl-6-phosphate)-D-glycerate	C9H14O12P	1468012875
man_c	D-Mannose	C6H12O6	1467865936
man_e	D-Mannose	C6H12O6	1467865936
man_p	D-Mannose	C6H12O6	1467865936
mana_c	D-Mannonate	C6H11O7	1467868971
manglyc_e	2(alpha-D-Mannosyl)-D-glycerate	C9H15O9	1467971343
manglyc_p	2(alpha-D-Mannosyl)-D-glycerate	C9H15O9	1467971343
mdhdhf_c	(2R,4S)-2-methyl-2,4-dihydroxydihydrofuran-3-one	C5H8O4	1468269849
melib_c	Melibiose C12H22O11	C12H22O11	1467868895
melib_e	Melibiose C12H22O11	C12H22O11	1467868895
melib_p	Melibiose C12H22O11	C12H22O11	1467868895
meoh_c	Methanol	CH4O1	1467867313
meoh_e	Methanol	CH4O1	1467867313
meoh_p	Methanol	CH4O1	1467867313
mercppyr_c	Mercaptopyruvate	C3H3O3S	1467876342
met__D_c	D-Methionine	C5H10NO2S	1467866492
met__D_e	D-Methionine	C5H10NO2S	1467866492
met__D_p	D-Methionine	C5H10NO2S	1467866492
met__L_c	L-Methionine	C5H11NO2S	1467866492
met__L_e	L-Methionine	C5H11NO2S	1467866492
met__L_p	L-Methionine	C5H11NO2S	1467866492
methf_c	5,10-Methenyltetrahydrofolate	C20H20N7O6	1467871009
metsox_R__L_c	L-methionine-R-sulfoxide	C5H11NO3S	1467892817
metsox_R__L_e	L-methionine-R-sulfoxide	C5H11NO3S	1467892817
metsox_R__L_p	L-methionine-R-sulfoxide	C5H11NO3S	1467892817
metsox_S__L_c	L-Methionine Sulfoxide	C5H11NO3S	1467892817
metsox_S__L_e	L-Methionine Sulfoxide	C5H11NO3S	1467892817
metsox_S__L_p	L-Methionine Sulfoxide	C5H11NO3S	1467892817
mettrna_c	L-Methionyl-tRNA (Met)	C5H10NOSR	None
mg2_c	Magnesium	Mg	1468120779
mg2_e	Magnesium	Mg	1468120779
mg2_p	Magnesium	Mg	1468120779
mi1p__D_c	1D-myo-Inositol 1-phosphate	C6H11O9P	1467878427
micit_c	Methylisocitrate	C7H7O7	1467904131
mincyc_e	Minocycline	C23H27N3O7	352926908
mincyc_p	Minocycline	C23H27N3O7	352926908
minohp_e	Myo-Inositol hexakisphosphate	C6H6O24P6	1467878694
minohp_p	Myo-Inositol hexakisphosphate	C6H6O24P6	1467878694
mlthf_c	5,10-Methylenetetrahydrofolate	C20H21N7O6	1467867460
mmcoa__S_c	(S)-Methylmalonyl-CoA	C25H35N7O19P3S	1467873516
mmet_c	S-Methyl-L-methionine	C6H14NO2S	1467894227
mmet_e	S-Methyl-L-methionine	C6H14NO2S	1467894227
mmet_p	S-Methyl-L-methionine	C6H14NO2S	1467894227
mn2_c	Manganese	Mn	1467865984
mn2_e	Manganese	Mn	1467865984
mn2_p	Manganese	Mn	1467865984
mnl1p_c	D-Mannitol 1-phosphate	C6H13O9P	1467873168
mnl_e	D-Mannitol	C6H14O6	1467870443
mnl_p	D-Mannitol	C6H14O6	1467870443
moadamp_c	MoaD Protein with bound AMP	C11H12N5O8P1X	None
moadcoo_c	MoaD Protein with carboxylate	C1O2X	None
moadcosh_c	MoaD Protein with thiocarboxylate	C1H1O1S1X	None
mobd_c	Molybdate	MoO4	1468087823
mobd_e	Molybdate	MoO4	1468087823
mobd_p	Molybdate	MoO4	1468087823
moco_c	Molybdenum cofactor	C10H10N5O8PS2Mo	1468026465
mococdp_c	Molybdopterin cytosine dinucleotide	C19H22N8O15P2S2Mo	1468090949
mocogdp_c	Molybdopterin guanine dinucleotide	C20H22N10O15P2S2Mo	1468041455
mpt_c	Molybdopterin	C10H10N5O6PS2Cu	1467913342
mptamp_c	Adenylated molybdopterin	C20H22N10O12P2S2Cu	1468040853
mql8_c	Menaquinol 8	C51H74O2	1468218170
mqn8_c	Menaquinone 8	C51H72O2	1468161804
msa_c	Malonate semialdehyde	C3H3O3	1467868504
mso3_c	Methanesulfonate	CH3O3S	1467967481
mso3_e	Methanesulfonate	CH3O3S	1467967481
mso3_p	Methanesulfonate	CH3O3S	1467967481
mthgxl_c	Methylglyoxal	C3H4O2	1467872180
mththf_c	(2R,4S)-2-methyl-2,3,3,4-tetrahydroxytetrahydrofuran	C5H10O5	1468162353
murein3p3p_p	Two linked disacharide tripeptide murein units (uncrosslinked, middle of chain)	C68H104N12O38	None
murein3px3p_p	Two disacharide linked murein units, tripeptide crosslinked tripeptide (A2pm->A2pm) (middle of chain)	C68H102N12O37	1469396098
murein3px4p_p	Two disacharide linked murein units, tripeptide crosslinked tetrapeptide (A2pm->D-ala) (middle of chain)	C71H107N13O38	1469302990
murein4p3p_p	Two linked disacharide tetrapeptide and tripeptide murein units (uncrosslinked, middle of chain)	C71H109N13O39	None
murein4p4p_p	Two linked disacharide tetrapeptide murein units (uncrosslinked, middle of chain)	C74H114N14O40	None
murein4px4p4p_p	Three disacharide linked murein units (tetrapeptide crosslinked tetrapeptide (A2pm->D-ala), one uncrosslinked tetrapaptide) (middle of chain)	C111H169N21O59	1469338402
murein4px4p_p	Two disacharide linked murein units, tetrapeptide corsslinked tetrapeptide (A2pm->D-ala) (middle of chain)	C74H112N14O39	None
murein4px4px4p_p	Three disacharide linked murein units (tetrapeptide crosslinked tetrapeptide (A2pm->D-ala) & tetrapeptide corsslinked tetrapeptide (A2pm->D-ala)) (middle of chain)	C111H167N21O58	None
murein5p3p_p	Two linked disacharide pentapeptide and tripeptide murein units (uncrosslinked, middle of chain)	C74H114N14O40	None
murein5p4p_p	Two linked disacharide pentapeptide and tetrapeptide murein units (uncrosslinked, middle of chain)	C77H119N15O41	None
murein5p5p5p_p	Three linked disacharide pentapeptide murein units (uncrosslinked, middle of chain)	C120H186N24O63	None
murein5p5p_p	Two linked disacharide pentapeptide murein units (uncrosslinked, middle of chain)	C80H124N16O42	None
murein5px3p_p	Two disacharide linked murein units, pentapeptide corsslinked tripeptide (A2pm->A2pm) (middle of chain)	C74H112N14O39	None
murein5px4p_p	Two disacharide linked murein units, pentapeptide crosslinked tetrapeptide (A2pm->D-ala) (middle of chain)	C77H117N15O40	1469345712
murein5px4px4p_p	Three disacharide linked murein units (pentapeptide crosslinked tetrapeptide (A2pm->D-ala) tetrapeptide corsslinked tetrapeptide (A2pm->D-ala)) (middle of chain)	C114H172N22O59	1469367540
myrsACP_c	Myristoyl-ACP (n-C14:0ACP)	C25H47N2O8PRS	None
n2o_c	Nitrous oxide	N2O	1467875679
n2o_e	Nitrous oxide	N2O	1467875679
n2o_p	Nitrous oxide	N2O	1467875679
n8aspmd_c	N8-Acetylspermidine	C9H23N3O	1467877028
na15dap_c	N-3-aminopropyl-1,5-diaminopentane	C8H24N3	1468011637
na1_c	Sodium	Na	1468121871
na1_e	Sodium	Na	1468121871
na1_p	Sodium	Na	1468121871
nac_c	Nicotinate	C6H4NO2	1467868908
nac_e	Nicotinate	C6H4NO2	1467868908
nac_p	Nicotinate	C6H4NO2	1467868908
nad_c	Nicotinamide adenine dinucleotide	C21H26N7O14P2	1467865544
nadh_c	Nicotinamide adenine dinucleotide - reduced	C21H27N7O14P2	1467865563
nadp_c	Nicotinamide adenine dinucleotide phosphate	C21H25N7O17P3	1467865592
nadph_c	Nicotinamide adenine dinucleotide phosphate - reduced	C21H26N7O17P3	1467865578
ncam_c	Nicotinamide	C6H6N2O	1467867595
nh4_c	Ammonium	H4N	1467879874
nh4_e	Ammonium	H4N	1467879874
nh4_p	Ammonium	H4N	1467879874
ni2_c	Nickel	Ni	1467869287
ni2_e	Nickel	Ni	1467869287
ni2_p	Nickel	Ni	1467869287
nicrnt_c	Nicotinate D-ribonucleotide	C11H12NO9P	1467878511
nmn_c	NMN C11H14N2O8P	C11H14N2O8P	1467871113
nmn_e	NMN C11H14N2O8P	C11H14N2O8P	1467871113
nmn_p	NMN C11H14N2O8P	C11H14N2O8P	1467871113
no2_c	Nitrite	NO2	1467866704
no2_e	Nitrite	NO2	1467866704
no2_p	Nitrite	NO2	1467866704
no3_c	Nitrate	NO3	1469418058
no3_e	Nitrate	NO3	1469418058
no3_p	Nitrate	NO3	1469418058
no_c	Nitric oxide	NO	2593081467
no_e	Nitric oxide	NO	2593081467
no_p	Nitric oxide	NO	2593081467
novbcn_e	Novobiocin	C31H36N2O11	1467906946
novbcn_p	Novobiocin	C31H36N2O11	1467906946
o16a2und_p	(O16 antigen)x2 undecaprenyl diphosphate	C123H200N2O57P2	None
o16a3und_p	(O16 antigen)x3 undecaprenyl diphosphate	C157H255N3O82P2	None
o16a4colipa_e	(O16 antigen)x4 core oligosaccharide lipid A	C312H523N6O200P4	2604448019
o16a4colipa_p	(O16 antigen)x4 core oligosaccharide lipid A	C312H523N6O200P4	2604448019
o16a4und_p	(O16 antigen)x4 undecaprenyl diphosphate	C191H310N4O107P2	None
o16aund_c	O16 antigen undecaprenyl diphosphate	C89H145N1O32P2	None
o16aund_p	O16 antigen undecaprenyl diphosphate	C89H145N1O32P2	None
o2_c	O2 O2	O2	1467865610
o2_e	O2 O2	O2	1467865610
o2_p	O2 O2	O2	1467865610
o2s_c	Superoxide anion	O2	1467873714
o2s_e	Superoxide anion	O2	1467873714
o2s_p	Superoxide anion	O2	1467873714
oaa_c	Oxaloacetate	C4H2O5	1467866007
oc2coa_c	Trans-Oct-2-enoyl-CoA	C29H44N7O17P3S	1467908186
ocACP_c	Octanoyl-ACP (n-C8:0ACP)	C19H35N2O8PRS	None
occoa_c	Octanoyl-CoA (n-C8:0CoA)	C29H46N7O17P3S	1467884933
ocdcaACP_c	Octadecanoyl-ACP (n-C18:0ACP)	C29H55N2O8PRS	None
ocdca_c	Octadecanoate (n-C18:0)	C18H35O2	1467881276
ocdca_e	Octadecanoate (n-C18:0)	C18H35O2	1467881276
ocdca_p	Octadecanoate (n-C18:0)	C18H35O2	1467881276
ocdcap_c	Octadecanoyl-phosphate (n-C18:0)	C18H36O5P	None
ocdcea_c	Octadecenoate (n-C18:1)	C18H33O2	1467873776
ocdcea_e	Octadecenoate (n-C18:1)	C18H33O2	1467873776
ocdcea_p	Octadecenoate (n-C18:1)	C18H33O2	1467873776
ocdceap_c	Octadecanoyl-phosphate (n-C18:1)	C18H34O5P	None
octa_c	Octanoate (n-C8:0)	C8H15O2	1467917646
octa_e	Octanoate (n-C8:0)	C8H15O2	1467917646
octa_p	Octanoate (n-C8:0)	C8H15O2	1467917646
octapb_c	Octanoate (protein bound)	C8H15O	None
octdp_c	All-trans-Octaprenyl diphosphate	C40H65O7P2	1467900985
octeACP_c	Cis-octadec-11-enoyl-[acyl-carrier protein] (n-C18:1)	C29H53N2O8PRS	2786416014
od2coa_c	Trans-Octadec-2-enoyl-CoA	C39H64N7O17P3S	1468008283
odecoa_c	Octadecenoyl-CoA (n-C18:1CoA)	C39H64N7O17P3S	1467871766
ogmeACP_c	3-Oxo-glutaryl-[acyl-carrier protein] methyl ester	C17H27N2O11PRS	None
ohpb_c	2-Oxo-3-hydroxy-4-phosphobutanoate	C4H4O8P	1467914544
op4en_c	2-Oxopent-4-enoate	C5H5O3	1468115353
opmeACP_c	3-Oxo-pimeloyl-[acyl-carrier protein] methyl ester	C19H31N2O11PRS	None
orn_c	Ornithine	C5H13N2O2	1467866549
orn_e	Ornithine	C5H13N2O2	1467866549
orn_p	Ornithine	C5H13N2O2	1467866549
orot5p_c	Orotidine 5'-phosphate	C10H10N2O11P	1467877711
orot_c	Orotate C5H3N2O4	C5H3N2O4	1467869325
orot_e	Orotate C5H3N2O4	C5H3N2O4	1467869325
orot_p	Orotate C5H3N2O4	C5H3N2O4	1467869325
oxa_c	Oxalate	C2O4	1467868344
oxadpcoa_c	3-Oxoadipyl-CoA	C27H37N7O20P3S	1467887291
oxalcoa_c	Oxalyl-CoA	C23H31N7O19P3S	1467869559
oxam_c	Oxamate	C2H2NO3	1467880558
oxur_c	Oxalureate	C3H3N2O4	1467874708
pa120_c	1,2-didodecanoyl-sn-glycerol 3-phosphate	C27H51O8P1	None
pa120_p	1,2-didodecanoyl-sn-glycerol 3-phosphate	C27H51O8P1	None
pa140_c	1,2-ditetradecanoyl-sn-glycerol 3-phosphate	C31H59O8P1	1468220717
pa140_p	1,2-ditetradecanoyl-sn-glycerol 3-phosphate	C31H59O8P1	1468220717
pa141_c	1,2-ditetradec-7-enoyl-sn-glycerol 3-phosphate	C31H55O8P1	None
pa141_p	1,2-ditetradec-7-enoyl-sn-glycerol 3-phosphate	C31H55O8P1	None
pa160_c	1,2-dihexadecanoyl-sn-glycerol 3-phosphate	C35H67O8P1	None
pa160_p	1,2-dihexadecanoyl-sn-glycerol 3-phosphate	C35H67O8P1	None
pa161_c	1,2-dihexadec-9-enoyl-sn-glycerol 3-phosphate	C35H63O8P1	None
pa161_p	1,2-dihexadec-9-enoyl-sn-glycerol 3-phosphate	C35H63O8P1	None
pa180_c	1,2-dioctadecanoyl-sn-glycerol 3-phosphate	C39H75O8P1	None
pa180_p	1,2-dioctadecanoyl-sn-glycerol 3-phosphate	C39H75O8P1	None
pa181_c	1,2-dioctadec-11-enoyl-sn-glycerol 3-phosphate	C39H71O8P1	None
pa181_p	1,2-dioctadec-11-enoyl-sn-glycerol 3-phosphate	C39H71O8P1	None
pac_c	Phenylacetic acid	C8H7O2	1467923604
pacald_c	Phenylacetaldehyde	C8H8O	1467872719
pacald_e	Phenylacetaldehyde	C8H8O	1467872719
pacald_p	Phenylacetaldehyde	C8H8O	1467872719
palmACP_c	Palmitoyl-ACP (n-C16:0ACP)	C27H51N2O8PRS	None
pan4p_c	Pantetheine 4'-phosphate	C11H21N2O7PS	1467878010
pant__R_c	(R)-Pantoate	C6H11O4	1467871904
pap_c	Adenosine 3',5'-bisphosphate	C10H11N5O10P2	2786370944
paps_c	3'-Phosphoadenylyl sulfate	C10H11N5O13P2S	1467866249
pdx5p_c	Pyridoxine 5'-phosphate	C8H10NO6P	1467872953
pe120_c	Phosphatidylethanolamine (didodecanoyl, n-C12:0)	C29H58N1O8P1	1469360128
pe120_p	Phosphatidylethanolamine (didodecanoyl, n-C12:0)	C29H58N1O8P1	1469360128
pe140_c	Phosphatidylethanolamine (ditetradecanoyl, n-C14:0)	C33H66N1O8P1	1469360171
pe140_p	Phosphatidylethanolamine (ditetradecanoyl, n-C14:0)	C33H66N1O8P1	1469360171
pe141_c	Phosphatidylethanolamine (ditetradec-7-enoyl, n-C14:1)	C33H62N1O8P1	None
pe141_p	Phosphatidylethanolamine (ditetradec-7-enoyl, n-C14:1)	C33H62N1O8P1	None
pe160_c	Phosphatidylethanolamine (dihexadecanoyl, n-C16:0)	C37H74N1O8P1	1469360212
pe160_p	Phosphatidylethanolamine (dihexadecanoyl, n-C16:0)	C37H74N1O8P1	1469360212
pe161_c	Phosphatidylethanolamine (dihexadec-9enoyl, n-C16:1)	C37H70N1O8P1	1469341410
pe161_p	Phosphatidylethanolamine (dihexadec-9enoyl, n-C16:1)	C37H70N1O8P1	1469341410
pe180_c	Phosphatidylethanolamine (dioctadecanoyl, n-C18:0)	C41H82N1O8P1	1469360246
pe180_p	Phosphatidylethanolamine (dioctadecanoyl, n-C18:0)	C41H82N1O8P1	1469360246
pe181_c	Phosphatidylethanolamine (dioctadec-11-enoyl, n-C18:1)	C41H78N1O8P1	1469340956
pe181_p	Phosphatidylethanolamine (dioctadec-11-enoyl, n-C18:1)	C41H78N1O8P1	1469340956
peamn_e	Phenethylamine	C8H12N	1467908642
peamn_p	Phenethylamine	C8H12N	1467908642
pep_c	Phosphoenolpyruvate	C3H2O6P	1467866507
pg120_c	Phosphatidylglycerol (didodecanoyl, n-C12:0)	C30H58O10P1	None
pg120_p	Phosphatidylglycerol (didodecanoyl, n-C12:0)	C30H58O10P1	None
pg140_c	Phosphatidylglycerol (ditetradecanoyl, n-C14:0)	C34H66O10P1	1469361154
pg140_p	Phosphatidylglycerol (ditetradecanoyl, n-C14:0)	C34H66O10P1	1469361154
pg141_c	Phosphatidylglycerol (ditetradec-7-enoyl, n-C14:1)	C34H62O10P1	None
pg141_p	Phosphatidylglycerol (ditetradec-7-enoyl, n-C14:1)	C34H62O10P1	None
pg160_c	Phosphatidylglycerol (dihexadecanoyl, n-C16:0)	C38H74O10P1	1468097899
pg160_p	Phosphatidylglycerol (dihexadecanoyl, n-C16:0)	C38H74O10P1	1468097899
pg161_c	Phosphatidylglycerol (dihexadec-9-enoyl, n-C16:1)	C38H70O10P1	1469361078
pg161_p	Phosphatidylglycerol (dihexadec-9-enoyl, n-C16:1)	C38H70O10P1	1469361078
pg180_c	Phosphatidylglycerol (dioctadecanoyl, n-C18:0)	C42H82O10P1	1469361401
pg180_p	Phosphatidylglycerol (dioctadecanoyl, n-C18:0)	C42H82O10P1	1469361401
pg181_c	Phosphatidylglycerol (dioctadec-11-enoyl, n-C18:1)	C42H78O10P1	1469361277
pg181_p	Phosphatidylglycerol (dioctadec-11-enoyl, n-C18:1)	C42H78O10P1	1469361277
pgp120_c	Phosphatidylglycerophosphate (didodecanoyl, n-C12:0)	C30H57O13P2	None
pgp120_p	Phosphatidylglycerophosphate (didodecanoyl, n-C12:0)	C30H57O13P2	None
pgp140_c	Phosphatidylglycerophosphate (ditetradecanoyl, n-C14:0)	C34H65O13P2	None
pgp140_p	Phosphatidylglycerophosphate (ditetradecanoyl, n-C14:0)	C34H65O13P2	None
pgp141_c	Phosphatidylglycerophosphate (ditetradec-7-enoyl, n-C14:1)	C34H61O13P2	None
pgp141_p	Phosphatidylglycerophosphate (ditetradec-7-enoyl, n-C14:1)	C34H61O13P2	None
pgp160_c	Phosphatidylglycerophosphate (dihexadecanoyl, n-C16:0)	C38H73O13P2	1469320548
pgp160_p	Phosphatidylglycerophosphate (dihexadecanoyl, n-C16:0)	C38H73O13P2	1469320548
pgp161_c	Phosphatidylglycerophosphate (dihexadec-9-enoyl, n-C16:1)	C38H69O13P2	None
pgp161_p	Phosphatidylglycerophosphate (dihexadec-9-enoyl, n-C16:1)	C38H69O13P2	None
pgp180_c	Phosphatidylglycerophosphate (dioctadecanoyl, n-C18:0)	C42H81O13P2	1469320637
pgp180_p	Phosphatidylglycerophosphate (dioctadecanoyl, n-C18:0)	C42H81O13P2	1469320637
pgp181_c	Phosphatidylglycerophosphate (dioctadec-11-enoyl, n-C18:1)	C42H77O13P2	None
pgp181_p	Phosphatidylglycerophosphate (dioctadec-11-enoyl, n-C18:1)	C42H77O13P2	None
phaccoa_c	Phenylacetyl-CoA	C29H38N7O17P3S	1467872545
phe__L_c	L-Phenylalanine	C9H11NO2	1467866580
phe__L_e	L-Phenylalanine	C9H11NO2	1467866580
phe__L_p	L-Phenylalanine	C9H11NO2	1467866580
pheme_c	Protoheme C34H30FeN4O4	C34H30FeN4O4	1467865953
pheme_e	Protoheme C34H30FeN4O4	C34H30FeN4O4	1467865953
pheme_p	Protoheme C34H30FeN4O4	C34H30FeN4O4	1467865953
phetrna_c	L-Phenylalanyl-tRNA(Phe)	C9H10NOR	None
phhlipa_c	Phospho-heptosyl-heptosyl-kdo2-lipidA	C124H219N2O54P3	1469328810
phom_c	O-Phospho-L-homoserine	C4H8NO6P	1467877700
phphhlipa_c	Phospho-heptosyl-phospho-heptosyl-heptosyl-kdo2-lipidA	C131H230N2O63P4	1469328930
phpyr_c	Phenylpyruvate	C9H7O3	1467867780
phthr_c	O-Phospho-4-hydroxy-L-threonine	C4H8NO7P	1467914556
pi_c	Phosphate	HO4P	1467865636
pi_e	Phosphate	HO4P	1467865636
pi_p	Phosphate	HO4P	1467865636
pimACP_c	Pimeloyl-[acyl-carrier protein]	C18H31N2O10PRS	None
pmeACP_c	Pimeloyl-[acyl-carrier protein] methyl ester	C19H33N2O10PRS	None
pmtcoa_c	Palmitoyl-CoA (n-C16:0CoA)	C37H62N7O17P3S	1467867611
pnto__R_c	(R)-Pantothenate	C9H16NO5	1467875442
pnto__R_e	(R)-Pantothenate	C9H16NO5	1467875442
pnto__R_p	(R)-Pantothenate	C9H16NO5	1467875442
poaac_c	Peroxyaminoacrylate	C3H5NO3	1468044003
ppa_c	Propionate (n-C3:0)	C3H5O2	2786390242
ppa_e	Propionate (n-C3:0)	C3H5O2	2786390242
ppa_p	Propionate (n-C3:0)	C3H5O2	2786390242
ppal_c	Propanal	C3H6O	1467871372
ppal_e	Propanal	C3H6O	1467871372
ppal_p	Propanal	C3H6O	1467871372
ppap_c	Propanoyl phosphate	C3H5O5P	2592816579
ppbng_c	Porphobilinogen	C10H13N2O4	1467876094
ppcoa_c	Propanoyl-CoA	C24H36N7O17P3S	1467866871
ppgpp_c	Guanosine 3',5'-bis(diphosphate)	C10H11N5O17P4	1467878952
pphn_c	Prephenate	C10H8O6	1467868924
ppi_c	Diphosphate	HO7P2	1467865687
ppp9_c	Protoporphyrin	C34H32N4O4	52041
pppg9_c	Protoporphyrinogen IX	C34H38N4O4	1467877470
pppi_c	Inorganic triphosphate	HO10P3	1467870577
pppn_c	Phenylpropanoate	C9H9O2	1467910944
pppn_e	Phenylpropanoate	C9H9O2	1467910944
pppn_p	Phenylpropanoate	C9H9O2	1467910944
ppt_e	Phosphonate	HO3P	1468131639
ppt_p	Phosphonate	HO3P	1468131639
pram_c	5-Phospho-beta-D-ribosylamine	C5H11NO7P	1467893667
pran_c	N-(5-Phospho-D-ribosyl)anthranilate	C12H13NO9P	1467902086
prbamp_c	1-(5-Phosphoribosyl)-AMP	C15H19N5O14P2	1467891052
prbatp_c	1-(5-Phosphoribosyl)-ATP	C15H19N5O20P4	1467891024
preq0_c	7-cyano-7-carbaguanine	C7H5N5O	1468006422
preq1_c	7-aminomethyl-7-deazaguanine	C7H10N5O	1468012666
prfp_c	1-(5-Phosphoribosyl)-5-[(5-phosphoribosylamino)methylideneamino]imidazole-4-carboxamide	C15H21N5O15P2	1467906383
prlp_c	5-[(5-phospho-1-deoxyribulos-1-ylamino)methylideneamino]-1-(5-phosphoribosyl)imidazole-4-carboxamide	C15H21N5O15P2	1467906537
pro__L_c	L-Proline	C5H9NO2	1467867529
pro__L_e	L-Proline	C5H9NO2	1467867529
pro__L_p	L-Proline	C5H9NO2	1467867529
progly_c	L-Prolinylglycine	C7H12N2O3	1469335727
progly_e	L-Prolinylglycine	C7H12N2O3	1469335727
progly_p	L-Prolinylglycine	C7H12N2O3	1469335727
protrna_c	L-Prolyl-tRNA(Pro)	C5H8NOR	None
prpp_c	5-Phospho-alpha-D-ribose 1-diphosphate	C5H8O14P3	1467867132
ps120_c	Phosphatidylserine (didodecanoyl, n-C12:0)	C30H57N1O10P1	None
ps140_c	Phosphatidylserine (ditetradecanoyl, n-C14:0)	C34H65N1O10P1	None
ps141_c	Phosphatidylserine (ditetradec-7-enoyl, n-C14:1)	C34H61N1O10P1	None
ps160_c	Phosphatidylserine (dihexadecanoyl, n-C16:0)	C38H73N1O10P1	1469321232
ps161_c	Phosphatidylserine (dihexadec-9-enoyl, n-C16:1)	C38H69N1O10P1	None
ps180_c	Phosphatidylserine (dioctadecanoyl, n-C18:0)	C42H81N1O10P1	1469321323
ps181_c	Phosphatidylserine (dioctadec-11-enoyl, n-C18:1)	C42H77N1O10P1	None
psclys_c	Psicoselysine	C12H25N2O7	1468010852
psclys_e	Psicoselysine	C12H25N2O7	1468010852
psclys_p	Psicoselysine	C12H25N2O7	1468010852
pser__L_c	O-Phospho-L-serine	C3H6NO6P	1467876785
pser__L_e	O-Phospho-L-serine	C3H6NO6P	1467876785
pser__L_p	O-Phospho-L-serine	C3H6NO6P	1467876785
ptrc_c	Putrescine	C4H14N2	1467867342
ptrc_e	Putrescine	C4H14N2	1467867342
ptrc_p	Putrescine	C4H14N2	1467867342
pyam5p_c	Pyridoxamine 5'-phosphate	C8H12N2O5P	1467873194
pydam_c	Pyridoxamine	C8H13N2O2	1467872046
pydam_e	Pyridoxamine	C8H13N2O2	1467872046
pydam_p	Pyridoxamine	C8H13N2O2	1467872046
pydx5p_c	Pyridoxal 5'-phosphate	C8H8NO6P	1467865752
pydx_c	Pyridoxal	C8H9NO3	1467868867
pydx_e	Pyridoxal	C8H9NO3	1467868867
pydx_p	Pyridoxal	C8H9NO3	1467868867
pydxn_c	Pyridoxine	C8H11NO3	1467869570
pydxn_e	Pyridoxine	C8H11NO3	1467869570
pydxn_p	Pyridoxine	C8H11NO3	1467869570
pyr_c	Pyruvate	C3H3O3	1467865812
pyr_e	Pyruvate	C3H3O3	1467865812
pyr_p	Pyruvate	C3H3O3	1467865812
q8_c	Ubiquinone-8	C49H74O4	1468020254
q8h2_c	Ubiquinol-8	C49H76O4	1468218154
quin_c	Quinate	C7H12O6	1467869340
quin_e	Quinate	C7H12O6	1467869340
quin_p	Quinate	C7H12O6	1467869340
quln_c	Quinolinate	C7H3NO4	1467898015
r15bp_c	D-Ribose 1,5-bisphosphate	C5H8O11P2	1467878152
r1p_c	Alpha-D-Ribose 1-phosphate	C5H9O8P	1467872897
r5p_c	Alpha-D-Ribose 5-phosphate	C5H9O8P	1467867103
r5p_e	Alpha-D-Ribose 5-phosphate	C5H9O8P	1467867103
r5p_p	Alpha-D-Ribose 5-phosphate	C5H9O8P	1467867103
ragund_c	Rhamanosyl-N-acetylglucosamyl-undecaprenyl diphosphate	C69H113N1O16P2	1469411442
rbflvrd_c	Reduced riboflavin	C17H22N4O6	1467876801
rbl__L_c	L-Ribulose	C5H10O5	1467906853
rdmbzi_c	N1-(alpha-D-ribosyl)-5,6-dimethylbenzimidazole	C14H18N2O4	1467912137
rephaccoa_c	Ring 1,2-epoxyphenylacetyl-CoA	C29H38N7O18P3S	None
rfamp_e	Rifampin	C43H58N4O12	1467920378
rfamp_p	Rifampin	C43H58N4O12	1467920378
rhcys_c	S-Ribosyl-L-homocysteine	C9H17NO6S	1569906559
rib__D_c	D-Ribose	C5H10O5	1467867962
rib__D_e	D-Ribose	C5H10O5	1467867962
rib__D_p	D-Ribose	C5H10O5	1467867962
ribflv_c	Riboflavin C17H20N4O6	C17H20N4O6	1467868938
rml1p_c	L-Rhamnulose 1-phosphate	C6H11O8P	1467877663
rml_c	L-Rhamnulose	C6H12O5	1467875411
rmn_c	L-Rhamnose	C6H12O5	1467871718
rmn_e	L-Rhamnose	C6H12O5	1467871718
rmn_p	L-Rhamnose	C6H12O5	1467871718
ru5p__D_c	D-Ribulose 5-phosphate	C5H9O8P	1467868222
ru5p__L_c	L-Ribulose 5-phosphate	C5H9O8P	1467868222
s17bp_c	Sedoheptulose 1,7-bisphosphate	C7H12O13P2	1467871033
s7p_c	Sedoheptulose 7-phosphate	C7H13O10P	1467909038
sarcs_c	Sarcosine C3H7NO2	C3H7NO2	1467868389
sbt6p_c	D-Sorbitol 6-phosphate	C6H13O9P	1467873168
sbt__D_e	D-Sorbitol	C6H14O6	1467870443
sbt__D_p	D-Sorbitol	C6H14O6	1467870443
sbzcoa_c	O-Succinylbenzoyl-CoA	C32H39N7O20P3S	1467894138
scl_c	Sirohydrochlorin	C42H39N4O16	2786417297
sectrna_c	L-Selenocysteinyl-tRNA(Sec)	C3H6NOSeR	None
sel_c	Selenate	O4Se	1467911568
sel_e	Selenate	O4Se	1467911568
sel_p	Selenate	O4Se	1467911568
seln_c	Selenide	HSe	1468116043
selnp_c	Selenophosphate	H2O3PSe	2786384973
ser__D_c	D-Serine	C3H7NO3	1467866388
ser__D_e	D-Serine	C3H7NO3	1467866388
ser__D_p	D-Serine	C3H7NO3	1467866388
ser__L_c	L-Serine	C3H7NO3	1467866388
ser__L_e	L-Serine	C3H7NO3	1467866388
ser__L_p	L-Serine	C3H7NO3	1467866388
seramp_c	L-seryl-AMP	C13H19N6O9P	1467912538
sertrna_c	L-Seryl-tRNA(Ser)	C3H6NO2R	None
sertrna_sec_c	L-Seryl-tRNA(Sec)	C3H6NO2R	None
sheme_c	Siroheme C42H36FeN4O16	C42H36FeN4O16	525056622
skm5p_c	Shikimate 5-phosphate	C7H8O8P	1467894258
skm_c	Shikimate	C7H9O5	1467871544
skm_e	Shikimate	C7H9O5	1467871544
skm_p	Shikimate	C7H9O5	1467871544
sl26da_c	N-Succinyl-LL-2,6-diaminoheptanedioate	C11H16N2O7	1467902833
sl2a6o_c	N-Succinyl-2-L-amino-6-oxoheptanedioate	C11H12NO8	1467903133
slnt_c	Selenite	O3Se	1467911461
slnt_e	Selenite	O3Se	1467911461
slnt_p	Selenite	O3Se	1467911461
so2_c	Sulfur dioxide	O2S	1467945276
so2_e	Sulfur dioxide	O2S	1467945276
so2_p	Sulfur dioxide	O2S	1467945276
so3_c	Sulfite	O3S	1467970772
so3_e	Sulfite	O3S	1467970772
so3_p	Sulfite	O3S	1467970772
so4_c	Sulfate	O4S	1467866306
so4_e	Sulfate	O4S	1467866306
so4_p	Sulfate	O4S	1467866306
spmd_c	Spermidine	C7H22N3	1467869584
spmd_e	Spermidine	C7H22N3	1467869584
spmd_p	Spermidine	C7H22N3	1467869584
stcoa_c	Stearoyl-CoA (n-C18:0CoA)	C39H66N7O17P3S	None
suc6p_c	Sucrose 6-phosphate	C12H21O14P	1468012773
sucarg_c	N2-Succinyl-L-arginine	C10H17N4O5	1467895153
sucbz_c	O-Succinylbenzoate	C11H8O5	1467890961
succ_c	Succinate	C4H4O4	1467866095
succ_e	Succinate	C4H4O4	1467866095
succ_p	Succinate	C4H4O4	1467866095
succoa_c	Succinyl-CoA	C25H35N7O19P3S	1467866749
sucglu_c	N2-Succinyl-L-glutamate	C9H10NO7	1467913415
sucgsa_c	N2-Succinyl-L-glutamate 5-semialdehyde	C9H11NO6	1467913426
suchms_c	O-Succinyl-L-homoserine	C8H12NO6	1467877856
sucorn_c	N2-Succinyl-L-ornithine	C9H15N2O5	1467895925
sucr_e	Sucrose C12H22O11	C12H22O11	1467866715
sucr_p	Sucrose C12H22O11	C12H22O11	1467866715
sucsal_c	Succinic semialdehyde	C4H5O3	1467868613
sufbcd_2fe2s2_c	SufBCD with two bound [2Fe-2S] clusters	O2S10Fe4R	None
sufbcd_2fe2s_c	SufBCD with bound [2Fe-2S] cluster	H4O2S8Fe2R	None
sufbcd_4fe4s_c	SufBCD with bound [4Fe-4S] cluster	H4O2S10Fe4R	None
sufbcd_c	SufBCD scaffold complex	H8O2S6R	None
sufse_c	SufSE sulfur acceptor complex	HSR	None
sufsesh_c	SufSE with bound sulfur	HS2R	None
sulfac_c	Sulfoacetate	C2H2O5S	1467988343
sulfac_e	Sulfoacetate	C2H2O5S	1467988343
sulfac_p	Sulfoacetate	C2H2O5S	1467988343
t3c11vaceACP_c	Trans-3-cis-11-vacceoyl-[acyl-carrier protein]	C29H51N2O8PRS	None
t3c5ddeceACP_c	Trans-3-cis-5-dodecenoyl-[acyl-carrier protein]	C23H39N2O8PRS	None
t3c7mrseACP_c	Trans-3-cis-7-myristoleoyl-[acyl-carrier protein]	C25H43N2O8PRS	None
t3c9palmeACP_c	Trans-3-cis-9-palmitoleoyl-[acyl-carrier protein]	C27H47N2O8PRS	None
tag6p__D_c	D-Tagatose 6-phosphate	C6H11O9P	1467866662
tagdp__D_c	D-Tagatose 1,6-biphosphate	C6H10O12P2	1467870021
tagur_c	D-Tagaturonate	C6H9O7	2786385129
tartr__D_c	D-tartrate	C4H4O6	1467872252
tartr__D_e	D-tartrate	C4H4O6	1467872252
tartr__D_p	D-tartrate	C4H4O6	1467872252
tartr__L_c	L-tartrate	C4H4O6	1467872252
tartr__L_e	L-tartrate	C4H4O6	1467872252
tartr__L_p	L-tartrate	C4H4O6	1467872252
taur_c	Taurine C2H7NO3S	C2H7NO3S	1467868789
taur_e	Taurine C2H7NO3S	C2H7NO3S	1467868789
taur_p	Taurine C2H7NO3S	C2H7NO3S	1467868789
tcynt_c	Thiocyanate	CNS	1467883279
tcynt_e	Thiocyanate	CNS	1467883279
tcynt_p	Thiocyanate	CNS	1467883279
td2coa_c	Trans-Tetradec-2-enoyl-CoA	C35H56N7O17P3S	1467908150
tdcoa_c	Tetradecanoyl-CoA (n-C14:0CoA)	C35H58N7O17P3S	None
tddec2eACP_c	Trans-Dodec-2-enoyl-[acyl-carrier protein]	C23H41N2O8PRS	None
tdeACP_c	Cis-tetradec-7-enoyl-[acyl-carrier protein] (n-C14:1)	C25H45N2O8PRS	None
tdec2eACP_c	Trans-Dec-2-enoyl-[acyl-carrier protein]	C21H37N2O8PRS	None
tdecoa_c	Tetradecenoyl-CoA (n-C14:1CoA)	C35H56N7O17P3S	None
thdp_c	2,3,4,5-Tetrahydrodipicolinate	C7H7NO4	1467899707
thex2eACP_c	Trans-Hex-2-enoyl-[acyl-carrier protein]	C17H29N2O8PRS	None
thf_c	5,6,7,8-Tetrahydrofolate	C19H21N7O6	1467866885
thm_c	Thiamin	C12H17N4OS	1467870286
thm_e	Thiamin	C12H17N4OS	1467870286
thm_p	Thiamin	C12H17N4OS	1467870286
thmmp_c	Thiamin monophosphate	C12H16N4O4PS	1467877492
thmnp_c	Tetrahydromonapterin	C9H15N5O4	1468049496
thmpp_c	Thiamine diphosphate	C12H16N4O7P2S	1467866431
thptdn_c	5,6,7,8-tetrahydropteridine	C6H10N4	1467911140
thr__L_c	L-Threonine	C4H9NO3	1467868061
thr__L_e	L-Threonine	C4H9NO3	1467868061
thr__L_p	L-Threonine	C4H9NO3	1467868061
thrp_e	L-Threonine O-3-phosphate	C4H8NO6P	1467977585
thrp_p	L-Threonine O-3-phosphate	C4H8NO6P	1467977585
thrtrna_c	L-Threonyl-tRNA(Thr)	C4H8NO2R	None
thym_c	Thymine C5H6N2O2	C5H6N2O2	1467867917
thym_e	Thymine C5H6N2O2	C5H6N2O2	1467867917
thym_p	Thymine C5H6N2O2	C5H6N2O2	1467867917
thymd_c	Thymidine C10H14N2O5	C10H14N2O5	1467868402
thymd_e	Thymidine C10H14N2O5	C10H14N2O5	1467868402
thymd_p	Thymidine C10H14N2O5	C10H14N2O5	1467868402
tma_c	Trimethylamine	C3H10N	1467872373
tma_e	Trimethylamine	C3H10N	1467872373
tma_p	Trimethylamine	C3H10N	1467872373
tmao_c	Trimethylamine N-oxide	C3H9NO	1467877723
tmao_e	Trimethylamine N-oxide	C3H9NO	1467877723
tmao_p	Trimethylamine N-oxide	C3H9NO	1467877723
tmrs2eACP_c	Trans-Tetradec-2-enoyl-[acyl-carrier protein]	C25H45N2O8PRS	None
toct2eACP_c	Trans-Oct-2-enoyl-[acyl-carrier protein]	C19H33N2O8PRS	None
toctd2eACP_c	Trans-octadec-2-enoyl-[acyl-carrier protein]	C29H53N2O8PRS	None
tpalm2eACP_c	Trans-Hexadec-2-enoyl-[acyl-carrier protein]	C27H49N2O8PRS	None
trdox_c	Oxidized thioredoxin	X	1467869888
trdrd_c	Reduced thioredoxin	XH2	1467869879
tre6p_c	Alpha,alpha'-Trehalose 6-phosphate	C12H21O14P	1467873567
tre_c	Trehalose	C12H22O11	1467877508
tre_e	Trehalose	C12H22O11	1467877508
tre_p	Trehalose	C12H22O11	1467877508
trnaala_c	TRNA(Ala)	R	None
trnaarg_c	TRNA(Arg)	R	None
trnaasn_c	TRNA Asn  C10H17O10PR2	C10H17O10PR2	None
trnaasp_c	TRNA(Asp)	R	None
trnacys_c	TRNA(Cys)	R	None
trnagln_c	TRNA(Gln)	R	None
trnaglu_c	TRNA (Glu)	R	None
trnagly_c	TRNA(Gly)	R	None
trnahis_c	TRNA(His)	R	None
trnaile_c	TRNA(Ile)	R	None
trnaleu_c	TRNA(Leu)	R	None
trnalys_c	TRNA(Lys)	R	None
trnamet_c	TRNA(Met)	R	None
trnaphe_c	TRNA(Phe)	R	None
trnapro_c	TRNA(Pro)	R	None
trnasecys_c	TRNA(SeCys)	R	None
trnaser_c	TRNA(Ser)	R	None
trnathr_c	TRNA(Thr)	R	None
trnatrp_c	TRNA(Trp)	R	None
trnatyr_c	TRNA(Tyr)	R	None
trnaval_c	TRNA(Val)	R	None
trp__L_c	L-Tryptophan	C11H12N2O2	1467866565
trp__L_e	L-Tryptophan	C11H12N2O2	1467866565
trp__L_p	L-Tryptophan	C11H12N2O2	1467866565
trptrna_c	L-Tryptophanyl-tRNA(Trp)	C11H11N2OR	None
tsul_c	Thiosulfate	O3S2	1467910257
tsul_e	Thiosulfate	O3S2	1467910257
tsul_p	Thiosulfate	O3S2	1467910257
ttdca_c	Tetradecanoate (n-C14:0)	C14H27O2	None
ttdca_e	Tetradecanoate (n-C14:0)	C14H27O2	None
ttdca_p	Tetradecanoate (n-C14:0)	C14H27O2	None
ttdcap_c	Tetradecanoyl-phosphate (n-C14:0)	C14H28O5P	None
ttdcea_c	Tetradecenoate (n-C14:1)	C14H25O2	None
ttdcea_e	Tetradecenoate (n-C14:1)	C14H25O2	None
ttdcea_p	Tetradecenoate (n-C14:1)	C14H25O2	None
ttdceap_c	Tetradecanoyl-phosphate (n-C14:1)	C14H26O5P	None
ttrcyc_e	Tetracycline	C22H24N2O8	352926831
ttrcyc_p	Tetracycline	C22H24N2O8	352926831
tungs_c	Tungstate	O4W1	1468092339
tungs_e	Tungstate	O4W1	1468092339
tungs_p	Tungstate	O4W1	1468092339
tym_e	Tyramine	C8H12NO	1467871421
tym_p	Tyramine	C8H12NO	1467871421
tyr__L_c	L-Tyrosine	C9H11NO3	1467866617
tyr__L_e	L-Tyrosine	C9H11NO3	1467866617
tyr__L_p	L-Tyrosine	C9H11NO3	1467866617
tyrp_e	Phosphotyrosine	C9H10NO6P	1467918425
tyrp_p	Phosphotyrosine	C9H10NO6P	1467918425
tyrtrna_c	L-Tyrosyl-tRNA(Tyr)	C9H10NO2R	None
u23ga_c	UDP-2,3-bis(3-hydroxytetradecanoyl)glucosamine	C43H75N3O20P2	1467904571
u3aga_c	UDP-3-O-(3-hydroxytetradecanoyl)-N-acetylglucosamine	C31H51N3O19P2	1467905270
u3hga_c	UDP-3-O-(3-hydroxytetradecanoyl)-D-glucosamine	C29H50N3O18P2	1467914230
uLa4fn_c	Undecaprenyl phosphate-4-amino-4-formyl-L-arabinose	C61H99N1O8P1	1469303536
uLa4n_c	Undecaprenyl phosphate-4-amino-4-deoxy-L-arabinose	C60H100N1O7P1	None
uLa4n_p	Undecaprenyl phosphate-4-amino-4-deoxy-L-arabinose	C60H100N1O7P1	None
uaagmda_c	Undecaprenyl-diphospho-N-acetylmuramoyl-(N-acetylglucosamine)-L-ala-D-glu-meso-2,6-diaminopimeloyl-D-ala-D-ala	C95H152N8O28P2	None
uaccg_c	UDP-N-acetyl-3-O-(1-carboxyvinyl)-D-glucosamine	C20H26N3O19P2	1467904382
uacgam_c	UDP-N-acetyl-D-glucosamine	C17H25N3O17P2	1467866112
uacgam_e	UDP-N-acetyl-D-glucosamine	C17H25N3O17P2	1467866112
uacgam_p	UDP-N-acetyl-D-glucosamine	C17H25N3O17P2	1467866112
uacmam_c	UDP-N-acetyl-D-mannosamine	C17H25N3O17P2	1467866112
uacmamu_c	UDP-N-acetyl-D-mannosaminouronate	C17H22N3O18P2	1467903935
uagmda_c	Undecaprenyl-diphospho-N-acetylmuramoyl-L-alanyl-D-glutamyl-meso-2,6-diaminopimeloyl-D-alanyl-D-alanine	C87H139N7O23P2	1467913029
uama_c	UDP-N-acetylmuramoyl-L-alanine	C23H33N4O20P2	1467878766
uamag_c	UDP-N-acetylmuramoyl-L-alanyl-D-glutamate	C28H39N5O23P2	1467873594
uamr_c	UDP-N-acetylmuramate	C20H28N3O19P2	1467877216
udcpdp_c	Undecaprenyl diphosphate	C55H89O7P2	2786402853
udcpdp_p	Undecaprenyl diphosphate	C55H89O7P2	2786402853
udcpp_c	Undecaprenyl phosphate	C55H89O4P	1467869944
udcpp_p	Undecaprenyl phosphate	C55H89O4P	1467869944
udpLa4fn_c	Uridine 5''-diphospho-{beta}-4-deoxy-4-formamido-L-arabinose	C15H21N3O16P2	1468007679
udpLa4n_c	Uridine 5''-diphospho-{beta}-4-deoxy-4-amino-L-arabinose	C14H22N3O15P2	1468007667
udpLa4o_c	UDP-4-keto-pyranose	C14H18N2O16P2	1468007689
udp_c	UDP C9H11N2O12P2	C9H11N2O12P2	1467865718
udpacgal_e	UDP-N-acetyl-D-galactosamine	C17H25N3O17P2	1467866112
udpacgal_p	UDP-N-acetyl-D-galactosamine	C17H25N3O17P2	1467866112
udpg_c	UDPglucose	C15H22N2O17P2	1467865910
udpg_e	UDPglucose	C15H22N2O17P2	1467865910
udpg_p	UDPglucose	C15H22N2O17P2	1467865910
udpgal_c	UDPgalactose	C15H22N2O17P2	1467865910
udpgal_e	UDPgalactose	C15H22N2O17P2	1467865910
udpgal_p	UDPgalactose	C15H22N2O17P2	1467865910
udpgalfur_c	UDP-D-galacto-1,4-furanose	C15H22N2O17P2	1467898092
udpglcur_c	UDP-D-glucuronate	C15H19N2O18P2	1467867798
udpglcur_e	UDP-D-glucuronate	C15H19N2O18P2	1467867798
udpglcur_p	UDP-D-glucuronate	C15H19N2O18P2	1467867798
ugmd_c	UDP-N-acetylmuramoyl-L-alanyl-D-gamma-glutamyl-meso-2,6-diaminopimelate	C35H51N7O26P2	1467906255
ugmda_c	UDP-N-acetylmuramoyl-L-alanyl-D-glutamyl-meso-2,6-diaminopimeloyl-D-alanyl-D-alanine	C41H61N9O28P2	1467906287
um4p_c	UDP-N-acetylmuramoyl-L-alanyl-D-gamma-glutamyl-meso-2,6-diaminopimelate-D-alanine	C38H56N8O27P2	None
ump_c	UMP C9H11N2O9P	C9H11N2O9P	1467866945
ump_e	UMP C9H11N2O9P	C9H11N2O9P	1467866945
ump_p	UMP C9H11N2O9P	C9H11N2O9P	1467866945
unaga_c	Undecaprenyl diphospho N-acetyl-glucosamine	C63H103NO12P2	1467879497
unagamu_c	Undecaprenyl-diphospho-N-acetylglucosamine-N-acetylmannosaminuronate	C71H113N2O18P2	1468045870
unagamuf_c	Undecaprenyl-diphospho N-acetylglucosamine-N-acetylmannosaminuronate-N-acetamido-4,6-dideoxy-D-galactose	C79H126N3O22P2	1468045879
unagamuf_p	Undecaprenyl-diphospho N-acetylglucosamine-N-acetylmannosaminuronate-N-acetamido-4,6-dideoxy-D-galactose	C79H126N3O22P2	1468045879
uppg3_c	Uroporphyrinogen III	C40H36N4O16	1467877230
ura_c	Uracil	C4H4N2O2	1467866960
ura_e	Uracil	C4H4N2O2	1467866960
ura_p	Uracil	C4H4N2O2	1467866960
uracp_c	Ureidoacrylate peracid	C4H6N2O4	1468043859
urate_c	Urate C5H4N4O3	C5H4N4O3	1467870164
urdglyc_c	(-)-Ureidoglycolate	C3H5N2O4	1467872740
urea_c	Urea CH4N2O	CH4N2O	2786410141
urea_e	Urea CH4N2O	CH4N2O	2786410141
urea_p	Urea CH4N2O	CH4N2O	2786410141
uri_c	Uridine	C9H12N2O6	1467869376
uri_e	Uridine	C9H12N2O6	1467869376
uri_p	Uridine	C9H12N2O6	1467869376
utp_c	UTP C9H11N2O15P3	C9H11N2O15P3	1467866522
val__L_c	L-Valine	C5H11NO2	1467867986
val__L_e	L-Valine	C5H11NO2	1467867986
val__L_p	L-Valine	C5H11NO2	1467867986
valtrna_c	L-Valyl-tRNA(Val)	C5H10NOR	None
wco_c	Tungsten binding cofactor	C10H10N5O8PS2W	None
xan_c	Xanthine	C5H4N4O2	1467870360
xan_e	Xanthine	C5H4N4O2	1467870360
xan_p	Xanthine	C5H4N4O2	1467870360
xdp_c	XDP	C10H11N4O12P2	1467879855
xmp_c	Xanthosine 5'-phosphate	C10H11N4O9P	1467873249
xmp_e	Xanthosine 5'-phosphate	C10H11N4O9P	1467873249
xmp_p	Xanthosine 5'-phosphate	C10H11N4O9P	1467873249
xtp_c	XTP	C10H11N4O15P3	1467873682
xtsn_c	Xanthosine	C10H12N4O6	1467883352
xtsn_e	Xanthosine	C10H12N4O6	1467883352
xtsn_p	Xanthosine	C10H12N4O6	1467883352
xu5p__D_c	D-Xylulose 5-phosphate	C5H9O8P	1467868222
xu5p__L_c	L-Xylulose 5-phosphate	C5H9O8P	1467868222
xyl__D_c	D-Xylose	C5H10O5	1467867962
xyl__D_e	D-Xylose	C5H10O5	1467867962
xyl__D_p	D-Xylose	C5H10O5	1467867962
xylu__D_c	D-Xylulose	C5H10O5	1467906853
xylu__L_c	L-Xylulose	C5H10O5	1467906853
xylu__L_e	L-Xylulose	C5H10O5	1467906853
xylu__L_p	L-Xylulose	C5H10O5	1467906853
zn2_c	Zinc	Zn	1468122419
zn2_e	Zinc	Zn	1468122419
zn2_p	Zinc	Zn	1468122419
