,LCSBID
DM_4crsol_c,
DM_5drib_c,
DM_aacald_c,
DM_amob_c,
DM_mththf_c,
DM_oxam_c,
BIOMASS_Ec_iJO1366_WT_53p95M,
BIOMASS_Ec_iJO1366_core_53p95M,
EX_12ppd__R_e,
EX_12ppd__S_e,
EX_14glucan_e,
EX_15dap_e,
EX_23camp_e,
EX_23ccmp_e,
EX_23cgmp_e,
EX_23cump_e,
EX_23dappa_e,
EX_26dap__M_e,
EX_2ddglcn_e,
EX_34dhpac_e,
EX_3amp_e,
EX_3cmp_e,
EX_3gmp_e,
EX_3hcinnm_e,
EX_3hpp_e,
EX_3hpppn_e,
EX_3ump_e,
EX_4abut_e,
EX_4hoxpacd_e,
EX_5dglcn_e,
EX_5mtr_e,
EX_LalaDglu_e,
EX_LalaDgluMdap_e,
EX_LalaDgluMdapDala_e,
EX_LalaLglu_e,
EX_ac_e,
EX_acac_e,
EX_acald_e,
EX_acgal_e,
EX_acgal1p_e,
EX_acgam_e,
EX_acgam1p_e,
EX_acmana_e,
EX_acmum_e,
EX_acnam_e,
EX_acolipa_e,
EX_acser_e,
EX_ade_e,
EX_adn_e,
EX_adocbl_e,
EX_ag_e,
EX_agm_e,
EX_akg_e,
EX_ala_B_e,
EX_ala__D_e,
EX_ala__L_e,
EX_alaala_e,
EX_all__D_e,
EX_alltn_e,
EX_amp_e,
EX_anhgm_e,
EX_arab__L_e,
EX_arbt_e,
EX_arbtn_e,
EX_arbtn_fe3_e,
EX_arg__L_e,
EX_ascb__L_e,
EX_asn__L_e,
EX_aso3_e,
EX_asp__L_e,
EX_btn_e,
EX_but_e,
EX_butso3_e,
EX_ca2_e,
EX_cbi_e,
EX_cbl1_e,
EX_cd2_e,
EX_cgly_e,
EX_chol_e,
EX_chtbs_e,
EX_cit_e,
EX_cl_e,
EX_cm_e,
EX_cmp_e,
EX_co2_e,
EX_cobalt2_e,
EX_colipa_e,
EX_colipap_e,
EX_cpgn_e,
EX_cpgn_un_e,
EX_crn_e,
EX_crn__D_e,
EX_csn_e,
EX_cu_e,
EX_cu2_e,
EX_cyan_e,
EX_cynt_e,
EX_cys__D_e,
EX_cys__L_e,
EX_cytd_e,
EX_dad_2_e,
EX_damp_e,
EX_dca_e,
EX_dcmp_e,
EX_dcyt_e,
EX_ddca_e,
EX_dgmp_e,
EX_dgsn_e,
EX_dha_e,
EX_dimp_e,
EX_din_e,
EX_dms_e,
EX_dmso_e,
EX_dopa_e,
EX_doxrbcn_e,
EX_dtmp_e,
EX_dump_e,
EX_duri_e,
EX_eca4colipa_e,
EX_enlipa_e,
EX_enter_e,
EX_etha_e,
EX_ethso3_e,
EX_etoh_e,
EX_f6p_e,
EX_fald_e,
EX_fe2_e,
EX_fe3_e,
EX_fe3dcit_e,
EX_fe3dhbzs_e,
EX_fe3hox_e,
EX_fe3hox_un_e,
EX_fecrm_e,
EX_fecrm_un_e,
EX_feenter_e,
EX_feoxam_e,
EX_feoxam_un_e,
EX_for_e,
EX_fru_e,
EX_frulys_e,
EX_fruur_e,
EX_fuc__L_e,
EX_fum_e,
EX_fusa_e,
EX_g1p_e,
EX_g3pc_e,
EX_g3pe_e,
EX_g3pg_e,
EX_g3pi_e,
EX_g3ps_e,
EX_g6p_e,
EX_gal_e,
EX_gal_bD_e,
EX_gal1p_e,
EX_galct__D_e,
EX_galctn__D_e,
EX_galctn__L_e,
EX_galt_e,
EX_galur_e,
EX_gam_e,
EX_gam6p_e,
EX_gbbtn_e,
EX_gdp_e,
EX_glc__D_e,
EX_glcn_e,
EX_glcr_e,
EX_glcur_e,
EX_glcur1p_e,
EX_gln__L_e,
EX_glu__L_e,
EX_gly_e,
EX_glyald_e,
EX_glyb_e,
EX_glyc_e,
EX_glyc__R_e,
EX_glycogenn1_c,
EX_bglycogenn1_c,
EX_glyc2p_e,
EX_glyc3p_e,
EX_glyclt_e,
EX_gmp_e,
EX_gsn_e,
EX_gthox_e,
EX_gthrd_e,
EX_gtp_e,
EX_gua_e,
EX_h_e,
EX_h2_e,
EX_h2o_e,
EX_h2o2_e,
EX_h2s_e,
EX_hacolipa_e,
EX_halipa_e,
EX_hdca_e,
EX_hdcea_e,
EX_hg2_e,
EX_his__L_e,
EX_hom__L_e,
EX_hxa_e,
EX_hxan_e,
EX_idon__L_e,
EX_ile__L_e,
EX_imp_e,
EX_indole_e,
EX_inost_e,
EX_ins_e,
EX_isetac_e,
EX_k_e,
EX_kdo2lipid4_e,
EX_lac__D_e,
EX_lac__L_e,
EX_lcts_e,
EX_leu__L_e,
EX_lipa_e,
EX_lipa_cold_e,
EX_lipoate_e,
EX_lys__L_e,
EX_lyx__L_e,
EX_mal__D_e,
EX_mal__L_e,
EX_malt_e,
EX_malthx_e,
EX_maltpt_e,
EX_malttr_e,
EX_maltttr_e,
EX_man_e,
EX_man6p_e,
EX_manglyc_e,
EX_melib_e,
EX_meoh_e,
EX_met__D_e,
EX_met__L_e,
EX_metsox_R__L_e,
EX_metsox_S__L_e,
EX_mg2_e,
EX_mincyc_e,
EX_minohp_e,
EX_mmet_e,
EX_mn2_e,
EX_mnl_e,
EX_mobd_e,
EX_mso3_e,
EX_n2o_e,
EX_na1_e,
EX_nac_e,
EX_nh4_e,
EX_ni2_e,
EX_nmn_e,
EX_no_e,
EX_no2_e,
EX_no3_e,
EX_novbcn_e,
EX_o16a4colipa_e,
EX_o2_e,
EX_o2s_e,
EX_ocdca_e,
EX_ocdcea_e,
EX_octa_e,
EX_orn_e,
EX_orot_e,
EX_pacald_e,
EX_peamn_e,
EX_phe__L_e,
EX_pheme_e,
EX_pi_e,
EX_pnto__R_e,
EX_ppa_e,
EX_ppal_e,
EX_pppn_e,
EX_ppt_e,
EX_pro__L_e,
EX_progly_e,
EX_psclys_e,
EX_pser__L_e,
EX_ptrc_e,
EX_pydam_e,
EX_pydx_e,
EX_pydxn_e,
EX_pyr_e,
EX_quin_e,
EX_r5p_e,
EX_rfamp_e,
EX_rib__D_e,
EX_rmn_e,
EX_sbt__D_e,
EX_sel_e,
EX_ser__D_e,
EX_ser__L_e,
EX_skm_e,
EX_slnt_e,
EX_so2_e,
EX_so3_e,
EX_so4_e,
EX_spmd_e,
EX_succ_e,
EX_sucr_e,
EX_sulfac_e,
EX_tartr__D_e,
EX_tartr__L_e,
EX_taur_e,
EX_tcynt_e,
EX_thm_e,
EX_thr__L_e,
EX_thrp_e,
EX_thym_e,
EX_thymd_e,
EX_tma_e,
EX_tmao_e,
EX_tre_e,
EX_trp__L_e,
EX_tsul_e,
EX_ttdca_e,
EX_ttdcea_e,
EX_ttrcyc_e,
EX_tungs_e,
EX_tym_e,
EX_tyr__L_e,
EX_tyrp_e,
EX_uacgam_e,
EX_udpacgal_e,
EX_udpg_e,
EX_udpgal_e,
EX_udpglcur_e,
EX_ump_e,
EX_ura_e,
EX_urea_e,
EX_uri_e,
EX_val__L_e,
EX_xan_e,
EX_xmp_e,
EX_xtsn_e,
EX_xyl__D_e,
EX_xylu__L_e,
EX_zn2_e,
12DGR120tipp,
12DGR140tipp,
12DGR141tipp,
12DGR160tipp,
12DGR161tipp,
12DGR180tipp,
12DGR181tipp,
12PPDRtex,
12PPDRtpp,
12PPDStex,
12PPDStpp,
14GLUCANabcpp,
14GLUCANtexi,
23CAMPtex,
23CCMPtex,
23CGMPtex,
23CUMPtex,
23DAPPAt2pp,
23DAPPAtex,
23PDE2pp,1569691279
23PDE4pp,1569694734
23PDE7pp,1569691267
23PDE9pp,1569706017
26DAHtex,
2AGPA120tipp,
2AGPA140tipp,
2AGPA141tipp,
2AGPA160tipp,
2AGPA161tipp,
2AGPA180tipp,
2AGPA181tipp,
2AGPE120tipp,
2AGPE140tipp,
2AGPE141tipp,
2AGPE160tipp,
2AGPE161tipp,
2AGPE180tipp,
2AGPE181tipp,
2AGPEAT120,
2AGPEAT140,
2AGPEAT141,
2AGPEAT160,
2AGPEAT161,
2AGPEAT180,
2AGPEAT181,
2AGPG120tipp,
2AGPG140tipp,
2AGPG141tipp,
2AGPG160tipp,
2AGPG161tipp,
2AGPG180tipp,
2AGPG181tipp,
2AGPGAT120,
2AGPGAT140,
2AGPGAT141,
2AGPGAT160,
2AGPGAT161,
2AGPGAT180,
2AGPGAT181,
2DGULRGx,2600159379
2DGULRGy,2592801385
2DGULRx,2600159379
2DGULRy,2592801385
2MAHMP,
34dhpactex,
3AMACHYD,1569857473
3AMPtex,
3CMPtex,
3GMPtex,
3HAD100,
3HAD120,
3HAD121,
3HAD140,
3HAD141,
3HAD160,
3HAD161,
3HAD180,
3HAD181,
3HAD40,
3HAD60,
3HAD80,
3HCINNMH,2592838289
3HPPPNH,2592838268
3HPPtex,
3HPPtpp,
3KGK,2592840736
3NTD2pp,
3NTD4pp,
3NTD7pp,
3NTD9pp,
3OAR100,
3OAR120,
3OAR121,
3OAR140,
3OAR141,
3OAR160,
3OAR161,
3OAR180,
3OAR181,
3OAR40,
3OAR60,
3OAR80,
3OAS100,
3OAS120,
3OAS121,
3OAS140,
3OAS141,
3OAS160,
3OAS161,
3OAS180,
3OAS181,
3OAS60,
3OAS80,
3OXCOAT,1569664224
3PEPTabcpp,
3PEPTtex,
3UMPtex,
42A12BOOXpp,2676228044
4HOXPACDtex,
4HTHRS,
4PCP,
4PCPpp,
4PEPTabcpp,
4PEPTtex,
5DGLCNR,2592801402
5DGLCNt2rpp,
5DGLCNtex,
5DOAN,1569802834
5MTRtex,
5MTRtpp,
A5PISO,1569671865
AACPS1,
AACPS2,
AACPS3,
AACPS4,
AACPS5,
AACPS6,
AACPS7,
AACPS8,
AACPS9,
AACTOOR,
AADDGT,1569750428
AAMYL,
AAMYLpp,
AB6PGH,
ABTA,1569673027
ABUTD,2592807698
ABUTt2pp,
ABUTtex,
ACACCT,1569670054
ACACT1r,1569657972
ACACT2r,1569668045
ACACT3r,
ACACT4r,1569693478
ACACT5r,1569702654
ACACT6r,1569694143
ACACT7r,
ACACT8r,
ACACt2pp,
ACACtex,
ACALD,
ACALDtex,
ACALDtpp,
ACANTHAT,1569844757
ACBIPGT,
ACCOAC,1569806350
ACCOAL,
ACGAL1PPpp,
ACGAL1Ptex,
ACGALtex,
ACGAM1PPpp,
ACGAM1Ptex,
ACGAMK,2592797295
ACGAMT,1569736459
ACGAptspp,1569822102
ACGAtex,
ACGK,
ACGS,1569838226
ACHBS,1569817235
ACKr,2070031655
ACLS,1569803102
ACM6PH,1569734026
ACMAMUT,1569699903
ACMANAptspp,1569822102
ACMANAtex,
ACMUMptspp,1570034197
ACMUMtex,
ACNAMt2pp,
ACNAMtex,
ACNML,1569674628
ACOAD1f,1569668005
ACOAD2f,
ACOAD3f,1569693455
ACOAD4f,1569702822
ACOAD5f,1569694120
ACOAD6f,
ACOAD7f,1569669177
ACOAD8f,
ACOATA,
ACODA,1569662324
ACOLIPAabctex,
ACONIs,
ACONMT,
ACONTa,1569669772
ACONTb,1569675421
ACOTA,1569679035
ACPPAT120,
ACPPAT140,
ACPPAT141,
ACPPAT160,
ACPPAT161,
ACPPAT180,
ACPPAT181,
ACPS1,
ACS,1570014907
ACSERtex,
ACSERtpp,
ACt2rpp,
ACt4pp,
ACtex,
ADA,1569838537
ADCL,1569820917
ADCS,1569673753
ADD,1569836947
ADEt2rpp,
ADEtex,
ADK1,2592788134
ADK3,1569838275
ADK4,1569846799
ADMDC,2592788596
ADNCYC,1569656376
ADNK1,2592788655
ADNUC,1569803464
ADNt2pp_copy1,
ADNt2pp_copy2,
ADNtex,
ADOCBIK,
ADOCBLS,
ADOCBLabcpp,
ADOCBLtonex,
ADPRDP,1569666653
ADPT,1569657424
ADSK,1569660533
ADSL1r,
ADSL2r,
ADSS,
AGDC,1569676919
AGM3PA,
AGM3PApp,
AGM3PH,2786234736
AGM3Pt2pp,
AGM4PA,
AGM4PApp,
AGM4PCP,
AGM4PCPpp,
AGM4PH,
AGM4Pt2pp,
AGMH,
AGMHE,
AGMT,
AGMt2pp,
AGMtex,
AGPAT120,
AGPAT140,
AGPAT141,
AGPAT160,
AGPAT161,
AGPAT180,
AGPAT181,
AGPR,2786296246
AGt3,
AHCYSNS,
AICART,1569700789
AIRC2,1569820642
AIRC3,1569813658
AKGDH,1569843041
AKGt2rpp,
AKGtex,
ALAALAD,
ALAALAabcpp,
ALAALAr,
ALAALAtex,
ALAGLUE,
ALAR,
ALATA_D2,1569667654
ALATA_L,1569658177
ALATA_L2,1569667654
ALATRS,
ALAabcpp,
ALAt2pp_copy1,
ALAt2pp_copy2,
ALAt4pp,
ALAtex,
ALCD19,2592796016
ALCD2x,
ALDD19xr,2592807568
ALDD2x,
ALDD2y,
ALDD3y,
ALDD4,
ALLK,2592981044
ALLPI,
ALLTAMH,1569852059
ALLTN,
ALLTNt2rpp,
ALLTNtex,
ALLULPE,2592992423
ALLabcpp,
ALLtex,
ALPATE160pp,
ALPATG160pp,
ALR2,2592807483
ALR4x,2592867222
ALTRH,
AM3PA,
AM4PA,
AM4PCP,
AMALT1,
AMALT2,
AMALT3,
AMALT4,
AMANAPEr,
AMANK,2592797295
AMAOTr,2808805671
AMMQLT8,
AMPMS2,1569803870
AMPN,1569657312
AMPTASECG,2592794865
AMPTASEPG,2786234956
AMPtex,
ANHGMtex,
ANHMK,
ANPRT,1569666871
ANS,1569832204
AOBUTDs,
AOXSr2,
AP4AH,2592788118
AP4AS,2594520326
AP5AH,1569746016
APCS,2774321550
APG3PAT120,
APG3PAT140,
APG3PAT141,
APG3PAT160,
APG3PAT161,
APG3PAT180,
APG3PAT181,
APH120,
APH140,
APH141,
APH160,
APH161,
APH180,
APH181,
APPLDHr,
APRAUR,2592814718
ARAI,1569804001
ARBTNR1,
ARBTNR2,
ARBTNR3,
ARBTNabcpp,
ARBTNexs,
ARBTNtex,
ARBTNtonex,
ARBTNtpp,
ARBTptspp,1569915193
ARBTtex,
ARBabcpp,
ARBt2rpp,
ARBt3ipp,
ARBtex,
ARGAGMt7pp,
ARGDC,1569824369
ARGDCpp,1569824369
ARGORNt7pp,
ARGSL,
ARGSS,2592802944
ARGTRS,
ARGabcpp,
ARGt3pp,
ARGtex,
ASAD,2786295841
ASCBPL,1569804105
ASCBptspp,2070015981
ASCBtex,
ASNN,1569660310
ASNNpp,1569660310
ASNS1,2592792152
ASNS2,1569660273
ASNTRS,
ASNabcpp,
ASNt2rpp,
ASNtex,
ASO3t8pp,
ASO3tex,
ASP1DC,1569829477
ASPCT,1569915706
ASPK,2070031701
ASPO3,
ASPO4,
ASPO5,
ASPO6,2070044621
ASPT,
ASPTA,1569659166
ASPTRS,
ASPabcpp,
ASPt2_2pp,
ASPt2_3pp,
ASPt2pp_copy1,
ASPt2pp_copy2,
ASPtex,
ASR,
AST,1569818541
ATHRDHr,2592868131
ATPHs,1569813180
ATPM,2593008382
ATPPRT,
ATPS4rpp,
BALAt2pp,
BALAtex,
BETALDHx,2592807910
BETALDHy,2592807929
BMOCOS,
BMOGDS1,
BMOGDS2,
BPNT,
BSORx,1569917849
BSORy,2592863107
BTNt2ipp,
BTNtex,
BTS5,
BUTCT,
BUTSO3abcpp,
BUTSO3tex,
BUTt2rpp,
BUTtex,
BWCOGDS1,
BWCOGDS2,
BWCOS,
CA2t3pp,
CA2tex,
CADVtpp,
CAT,2592787221
CAt6pp,
CBIAT,
CBItonex,
CBIuabcpp,
CBL1abcpp,
CBL1tonex,
CBLAT,
CBMD,1569819678
CBMKr,1569918361
CBPS,1569915429
CCGS,1570015830
CD2abcpp,
CD2t3pp,
CD2tex,
CD2tpp,
CDAPPA120,
CDAPPA140,
CDAPPA141,
CDAPPA160,
CDAPPA161,
CDAPPA180,
CDAPPA181,
CDGR,2592844883
CDGS,1569843509
CDPMEK,1569711422
CFAS160E,
CFAS160G,2774325360
CFAS180E,
CFAS180G,
CGLYabcpp,
CGLYtex,
CHLabcpp,
CHLt2pp,
CHLtex,
CHOLD,2592851724
CHORM,1569673743
CHORS,2070031967
CHRPL,1569669504
CHTBSptspp,1569804851
CHTBStex,
CINNDO,2592838215
CITL,1569659194
CITt3pp,
CITt7pp,
CITtex,
CLIPAabctex,
CLPNH120pp,
CLPNH140pp,2786235329
CLPNH141pp,
CLPNH160pp,
CLPNH161pp,
CLPNH180pp,
CLPNH181pp,
CLPNS120pp,
CLPNS140pp,2774325854
CLPNS141pp,
CLPNS160pp,2774325867
CLPNS161pp,2774325880
CLPNS180pp,
CLPNS181pp,
CLt3_2pp,
CLtex,
CMPN,
CMPtex,
CMtex,
CMtpp,
CO2tex,
CO2tpp,
COBALT2abcpp,
COBALT2t3pp,
COBALT2tex,
COBALT2tpp,
COLIPAKpp,
COLIPAPabctex,
COLIPAabcpp,
COLIPAabctex,
CPGNR1,
CPGNR2,
CPGNR3,
CPGNUtex,
CPGNUtpp,
CPGNabcpp,
CPGNexs,
CPGNtonex,
CPH4S,
CPMPS,1569919486
CPPPGO,1569919499
CPPPGO2,1569719424
CRNBTCT,1569753982
CRNCAL2,1569805141
CRNCAR,
CRNCBCT,1569753969
CRNCDH,1569754224
CRNDCAL2,1569805141
CRNDabcpp,
CRNDt2rpp,
CRNDtex,
CRNabcpp,
CRNt2rpp,
CRNt7pp,
CRNt8pp,
CRNtex,
CS,1569822391
CSND,1570009814
CSNt2pp,
CSNtex,
CTBTCAL2,1569847211
CTBTabcpp,
CTBTt2rpp,
CTECOAI6,
CTECOAI7,
CTECOAI8,1569858220
CTPS2,1570000488
CU1Opp,
CU1abcpp,
CU2abcpp,
CU2tex,
CU2tpp,
CUt3,
CUtex,
CYANST,
CYANSTpp,
CYANtex,
CYNTAH,2592862719
CYNTt2pp,
CYNTtex,
CYSDDS,1569663731
CYSDS,1569663731
CYSDabcpp,
CYSDtex,
CYSS,
CYSSADS,1569919922
CYSTL,
CYSTRS,
CYSabc2pp,
CYSabcpp,
CYStex,
CYStpp,
CYTBD2pp,
CYTBDpp,
CYTBO3_4pp,
CYTD,1569820572
CYTDH,1569843479
CYTDK2,
CYTDt2pp_copy1,
CYTDt2pp_copy2,
CYTDtex,
CYTK1,
CYTK2,
D_LACt2pp,
D_LACtex,
DAAD,2070016486
DADA,1570009849
DADK,1569671980
DADNt2pp,
DADNtex,
DAGK120,
DAGK140,
DAGK141,
DAGK160,
DAGK161,
DAGK180,
DAGK181,
DALAt2pp,
DALAtex,
DAMPtex,
DAPAL,1569832978
DAPDC,1569818374
DAPE,
DAPabcpp,
DAPtex,
DASYN120,
DASYN140,2786235584
DASYN141,
DASYN160,
DASYN161,
DASYN180,
DASYN181,
DATPHs,1570009769
DB4PS,1569910781
DBTS,1569920615
DC6PH,
DCAtex,
DCMPtex,
DCTPD,1569834641
DCYTD,1570009965
DCYTt2pp,
DCYTtex,
DDCAtexi,
DDGALK,2808788194
DDGLCNt2rpp,
DDGLCNtex,
DDGLK,2808788194
DDPA,
DDPGALA,1569666785
DGK1,1569677199
DGMPtex,
DGSNt2pp,
DGSNtex,
DHACOAH,1569720026
DHAD1,1569668308
DHAD2,1569705439
DHAPT,1569666222
DHAtex,
DHAtpp,
DHBD,2592799582
DHBS,1569921003
DHBSH,1569921018
DHCIND,2592838251
DHCINDO,1569839563
DHDPRy,2600296209
DHDPS,1570030891
DHFR,2592795238
DHFS,
DHMPTR,2592869315
DHNAOT4,1569921147
DHNCOAS,1569842090
DHNCOAT,1569841761
DHNPA2r,2592814993
DHNPTE,
DHORD2,1569845130
DHORD5,1569846028
DHORDfum,
DHORTS,1569838245
DHPPD,2592838234
DHPPDA2,1569832546
DHPS2,
DHPTDCs2,1569858034
DHPTDNR,2592842767
DHPTDNRN,2592842750
DHPTPE,
DHQS,2070032212
DHQTi,1569686840
DIMPtex,
DINSt2pp,
DINStex,
DKGLCNR1,2592832200
DKGLCNR2x,2600226796
DKGLCNR2y,2592854221
DMATT,1569673151
DMPPS,2593086988
DMQMT,
DMSOR1,1569805779
DMSOR1pp,1569805779
DMSOR2,1569921736
DMSOR2pp,1569921736
DMSOtex,
DMSOtpp,
DMStex,
DNMPPA,
DNTPPA,1569701554
DOGULNR,2592808436
DOPAtex,
DOXRBCNtex,
DOXRBCNtpp,
DPCOAK,2592788153
DPR,2592807018
DRPA,
DSBAO1,
DSBAO2,
DSBCGT,
DSBDR,
DSBGGT,
DSERDHr,2592834075
DSERt2pp,
DSERtex,
DTARTD,1569658946
DTMPK,2592803893
DTMPtex,
DUMPtex,
DURADx,2592795531
DURIK1,2592803960
DURIPP,2070032141
DURIt2pp,
DURItex,
DUTPDP,2592803975
DXPRIi,2592830983
DXPS,1569916982
DXYLK,2808838732
E4PD,2592802045
EAR100x,
EAR100y,
EAR120x,
EAR120y,
EAR121x,
EAR121y,
EAR140x,
EAR140y,
EAR141x,
EAR141y,
EAR160x,
EAR160y,
EAR161x,
EAR161y,
EAR180x,
EAR180y,
EAR181x,
EAR181y,
EAR40x,
EAR40y,
EAR60x,
EAR60y,
EAR80x,
EAR80y,
ECA4COLIPAabctex,
ECA4OALpp,
ECAP1pp,
ECAP2pp,
ECAP3pp,
ECAtpp,
ECOAH1,2592811507
ECOAH2,2592823931
ECOAH3,2592823894
ECOAH4,2592823860
ECOAH5,2592819957
ECOAH6,2592823804
ECOAH7,2592823772
ECOAH8,2592845942
EDA,1569666785
EDD,1569676725
EDTXS1,
EDTXS2,
EDTXS3,
EDTXS4,
EGMEACPR,
ENLIPAabctex,
ENO,2592792759
ENTCS,2774329328
ENTERES,1569843630
ENTERES2,
EPMEACPR,
ETHAAL,
ETHAt2pp,
ETHAtex,
ETHSO3abcpp,
ETHSO3tex,
ETOHtex,
ETOHtrpp,
F6PA,2594430213
F6PP,
F6Pt6_2pp,
F6Ptex,
FA100ACPHi,
FA120ACPHi,
FA140ACPHi,
FA141ACPHi,
FA160ACPHi,
FA161ACPHi,
FA80ACPHi,
FACOAE100,
FACOAE120,
FACOAE140,
FACOAE141,
FACOAE160,1569806847
FACOAE161,
FACOAE180,
FACOAE181,1569806867
FACOAE60,
FACOAE80,1569806900
FACOAL100t2pp,
FACOAL120t2pp,
FACOAL140t2pp,
FACOAL141t2pp,
FACOAL160t2pp,
FACOAL161t2pp,
FACOAL180t2pp,
FACOAL181t2pp,
FACOAL60t2pp,
FACOAL80t2pp,
FADRx,2592860220
FADRx2,2592858579
FALDH2,
FALDtex,
FALDtpp,
FALGTHLs,2070016990
FBA,1569666824
FBA3,1569674777
FBP,
FCI,1569680602
FCLK,2592811345
FCLPA,1569678835
FCLT,1569812322
FDH4pp,
FDH5pp,
FDMO,1569844527
FDMO2,1569749416
FDMO3,
FDMO4,2592966045
FDMO6,
FE2abcpp,
FE2t2pp,
FE2t3pp,
FE2tex,
FE2tpp,
FE3DCITabcpp,
FE3DCITtonex,
FE3DHBZR,
FE3DHBZSabcpp,
FE3DHBZStonex,
FE3HOXR1,
FE3HOXR2,
FE3HOXR3,
FE3HOXUtex,
FE3HOXUtpp,
FE3HOXabcpp,
FE3HOXexs,
FE3HOXtonex,
FE3Ri,1569847468
FE3abcpp,
FE3tex,
FECRMR1,
FECRMR2,
FECRMR3,
FECRMUtex,
FECRMUtpp,
FECRMabcpp,
FECRMexs,
FECRMtonex,
FEENTERR1,
FEENTERR2,
FEENTERR3,
FEENTERabcpp,
FEENTERexs,
FEENTERtex,
FEENTERtonex,
FEENTERtpp,
FEOXAMR1,
FEOXAMR2,
FEOXAMR3,
FEOXAMUtex,
FEOXAMUtpp,
FEOXAMabcpp,
FEOXAMexs,
FEOXAMtonex,
FEROpp,2592787632
FESD1s,
FESD2s,
FESR,
FFSD,
FHL,2593009828
FLDR2,
FLVR,1569712291
FLVRx,1569744448
FMETTRS,
FMNAT,2592788469
FMNRx,2592831215
FMNRx2,2592831241
FOMETRi,1569815966
FORCT,1569723355
FORt2pp,
FORtex,
FORtppi,
FRD2,
FRD3,
FRUK,1569676996
FRULYSDG,
FRULYSE,
FRULYSK,
FRULYSt2pp,
FRULYStex,
FRUURt2rpp,
FRUURtex,
FRUpts2pp,
FRUptspp,2070017296
FRUtex,
FTHFD,1569830421
FTHFLi,1569665491
FUCtex,
FUCtpp,
FUM,
FUMt2_2pp,
FUMt2_3pp,
FUMtex,
FUSAtex,
FUSAtpp,
G1PACT,1569807618
G1PPpp,
G1PTT,1569679496
G1Ptex,
G1SAT,1569678915
G2PP,1570012063
G2PPpp,1570012063
G3PAT120,
G3PAT140,
G3PAT141,
G3PAT160,
G3PAT161,
G3PAT180,
G3PAT181,
G3PCabcpp,
G3PCtex,
G3PD2,2592794453
G3PD5,2070017362
G3PD6,1569928680
G3PD7,1569928691
G3PEabcpp,
G3PEtex,
G3PGabcpp,
G3PGtex,
G3PIabcpp,
G3PItex,
G3PSabcpp,
G3PStex,
G3PT,
G5SADs,1569928779
G5SD,2786307848
G6PDA,2070048809
G6PDH2r,2592794398
G6PP,
G6Pt6_2pp,
G6Ptex,
GAL1PPpp,
GAL1Ptex,
GALBDtex,
GALCTD,1569683810
GALCTLO,
GALCTND,
GALCTNLt2pp,
GALCTNLtex,
GALCTNt2pp,
GALCTNtex,
GALCTt2rpp,
GALCTtex,
GALKr,2592796462
GALM2pp,
GALS3,
GALT1,
GALTptspp,
GALTtex,
GALURt2rpp,
GALURtex,
GALUi,2592789618
GALabcpp,
GALt2pp,
GALtex,
GAM6Pt6_2pp,
GAMAN6Ptex,
GAMptspp,
GAMtex,
GAPD,2786273193
GARFT,1569911086
GART,1569928994
GBBTNtex,
GCALDD,2592798369
GDMANE,
GDPDPK,2592968473
GDPMNH,2592789975
GDPMNP,1569664748
GDPTPDP,1558242152
GDPtex,
GF6PTA,2070048822
GGGABADr,2592843282
GGGABAH,1569724573
GGPTRCO,2732222772
GGPTRCS,1570015925
GHBDHx,2592800604
GHMT2r,1569665523
GK1,1569658836
GLBRAN2,
GLCATr,1569848250
GLCDpp,1569916509
GLCNt2rpp,
GLCNtex,
GLCP,
GLCP2,
GLCRAL,1569683822
GLCRD,1569683810
GLCRt2rpp,
GLCRtex,
GLCS1,
GLCTR1,
GLCTR2,
GLCTR3,
GLCUR1Ptex,
GLCURt2rpp,
GLCURtex,
GLCabcpp,
GLCptspp,1569822376
GLCt2pp,
GLCtex_copy1,
GLCtex_copy2,
GLDBRAN2,
GLGC,1569665554
GLNS,1569905978
GLNTRS,
GLNabcpp,
GLNtex,
GLTPD,2592793778
GLU5K,2070031630
GLUABUTt7pp,
GLUCYS,1570015889
GLUDC,1569824893
GLUDy,2592789211
GLUN,1569658130
GLUNpp,1569658130
GLUPRT,2592796247
GLUR,
GLUSy,2592788028
GLUTRR,
GLUTRS,
GLUabcpp,
GLUt2rpp,
GLUt4pp,
GLUtex,
GLXCL,1569802869
GLYALDtex,
GLYALDtpp,
GLYAT,1569659310
GLYBabcpp,
GLYBt2pp,
GLYBtex,
GLYC2Pabcpp,
GLYC2Ptex,
GLYC3Pabcpp,
GLYC3Pt6pp,
GLYC3Ptex,
GLYCAt2rpp,
GLYCAtex,
GLYCDx,2592795999
GLYCK,2592799655
GLYCK2,2592851898
GLYCL,1569808488
GLYCLTDx,2592793433
GLYCLTDy,2592791127
GLYCLTt2rpp,
GLYCLTt4pp,
GLYCLTtex,
GLYCTO2,2070017744
GLYCTO3,1569929526
GLYCTO4,1569929537
GLYCtex,
GLYCtpp,
GLYK,2592794490
GLYOX,1569839902
GLYOX3,1569842910
GLYTRS,
GLYt2pp_copy1,
GLYt2pp_copy2,
GLYt4pp,
GLYtex,
GMAND,1569664792
GMHEPAT,2592830538
GMHEPK,2592830563
GMHEPPA,
GMPR,
GMPS2,1569807481
GMPtex,
GND,1569918064
GNK,2592801353
GOFUCR,2592814366
GP4GH,1655517819
GPDDA1,2592795934
GPDDA1pp,2592795934
GPDDA2,2592799334
GPDDA2pp,2592799334
GPDDA3,2592969648
GPDDA3pp,2592969648
GPDDA4,2592969164
GPDDA4pp,2592969164
GPDDA5,2592797188
GPDDA5pp,2592797188
GRTT,1569676386
GRXR,
GSNK,2592797515
GSNt2pp,
GSNtex,
GSPMDA,1569675588
GSPMDS,1569929740
GTHOXtex,
GTHOr,2592788047
GTHPi,2592789441
GTHRDHpp,2592791468
GTHRDabc2pp,
GTHRDabcpp,
GTHRDtex,
GTHS,1569927208
GTPCI,1569809181
GTPCII2,1569836998
GTPDPDP,1569929092
GTPDPK,1569659789
GTPHs,1570009588
GTPtex,
GUACYC,1569659851
GUAD,1569817262
GUAPRT,1569668571
GUAt2pp,
GUAtex,
GUAtpp,
GUI1,1569671341
GUI2,
GUR1PPpp,
H2O2tex,
H2Otex,
H2Otpp,
H2SO,1737778106
H2St1pp,
H2Stex,
H2tex,
H2tpp,
HACD1,2592803145
HACD2,2592823912
HACD3,2592823875
HACD4,2592823841
HACD5,2592823819
HACD6,2594265227
HACD7,2592823753
HACD8,
HADPCOADH3,2592839202
HBZOPT,1569711200
HCINNMt2rpp,
HCINNMtex,
HCO3E,2592862793
HCYSMT,
HCYSMT2,1569841797
HDCAtexi,
HDCEAtexi,
HEMEOS,2592843210
HEPK1,2603098161
HEPK2,2683538918
HEPT1,
HEPT2,
HEPT3,2786236741
HEPT4,
HETZK,2592821877
HEX1,2592789709
HEX4,2592789709
HEX7,1737305905
HEXt2rpp,
HG2abcpp,
HG2t3pp,
HG2tex,
HISTD,
HISTP,
HISTRS,
HISabcpp,
HISt2rpp,
HIStex,
HKNDDH,1569911460
HKNTDH,
HMBS,1569656289
HMPK1,2592814817
HOMt2pp,
HOMtex,
HOPNTAL,
HPPK2,2592814978
HPPPNDO,1569837238
HPPPNt2rpp,
HPPPNtex,
HPYRI,1569670415
HPYRRx,2592798729
HPYRRy,2592798751
HSDy,2592889030
HSK,
HSST,1569674331
HSTPT,1569688268
HXAND,2592801638
HXAtex,
HXCT,
HXPRT,
HYD1pp,
HYD2pp,
HYD3pp,
HYPOE,
HYXNtex,
HYXNtpp,
Htex,
I2FE2SR,
I2FE2SS,
I2FE2SS2,
I2FE2ST,
I4FE4SR,
I4FE4ST,
ICDHyr,1569829806
ICHORS_copy1,1569673767
ICHORS_copy2,1569673767
ICHORT,1569686430
ICL,1569660215
ICYSDS,
IDOND,2592801368
IDOND2,2592801402
IDONt2rpp,
IDONtex,
IG3PS,1569809844
IGPDH,1569690430
IGPS,1570035116
ILETA,1569678141
ILETRS,
ILEabcpp,
ILEt2rpp,
ILEtex,
IMPC,
IMPD,
IMPtex,
INDOLEt2pp,
INDOLEt2rpp,
INDOLEtex,
INOSTt4pp,
INSH,1569822118
INSK,
INSTtex,
INSt2pp_copy1,
INSt2pp_copy2,
INStex,
IPDDI,1569667394
IPDPS,2600154639
IPMD,2592821674
IPPMIa,1569695479
IPPMIb,1569695104
IPPS,1569820126
ISETACabcpp,
ISETACtex,
K2L4Aabcpp,
K2L4Aabctex,
KARA1,2592811709
KARA2,1569814334
KAS14,
KAS15,
KDOCT2,1569689299
KDOPP,
KDOPS,
KG6PDC,2592840721
Kabcpp,
Kt2pp,
Kt3pp,
Ktex,
L_LACD2,1569810454
L_LACD3,1569810207
L_LACt2rpp,
L_LACtex,
LA4NTpp,
LACZ,
LACZpp,
LADGMDH,
LALADGLUtex,
LALADGLUtpp,
LALALGLUtex,
LALALGLUtpp,
LALDO2x,2592807464
LALDO3,2592805397
LALGP,1559975674
LCADi,2592799157
LCARR,2592805347
LCARS,2592805347
LCTSt3ipp,
LCTStex,
LCTStpp,
LDH_D,2592793166
LDH_D2,1569810454
LEUTAi,2592796440
LEUTRS,
LEUabcpp,
LEUt2rpp,
LEUtex,
LGTHL,1569681503
LIPACabcpp,
LIPAHT2ex,
LIPAHTex,
LIPAMPL,
LIPATPT,1569812731
LIPAabcpp,
LIPAabctex,
LIPOCT,
LIPOS,
LIPOt2pp,
LIPOtex,
LPADSS,
LPLIPAL1A120pp,
LPLIPAL1A140pp,
LPLIPAL1A141pp,
LPLIPAL1A160pp,
LPLIPAL1A161pp,
LPLIPAL1A180pp,2774337583
LPLIPAL1A181pp,
LPLIPAL1E120pp,
LPLIPAL1E140pp,
LPLIPAL1E141pp,
LPLIPAL1E160pp,2774337650
LPLIPAL1E161pp,
LPLIPAL1E180pp,
LPLIPAL1E181pp,
LPLIPAL1G120pp,
LPLIPAL1G140pp,
LPLIPAL1G141pp,
LPLIPAL1G160pp,1569911820
LPLIPAL1G161pp,
LPLIPAL1G180pp,2774337720
LPLIPAL1G181pp,
LPLIPAL2A120,
LPLIPAL2A140,
LPLIPAL2A141,
LPLIPAL2A160,
LPLIPAL2A161,
LPLIPAL2A180,
LPLIPAL2A181,
LPLIPAL2ATE120,
LPLIPAL2ATE140,2774337788
LPLIPAL2ATE141,
LPLIPAL2ATE160,2774337803
LPLIPAL2ATE161,
LPLIPAL2ATE180,2774337825
LPLIPAL2ATE181,
LPLIPAL2ATG120,
LPLIPAL2ATG140,2774337849
LPLIPAL2ATG141,
LPLIPAL2ATG160,2774337864
LPLIPAL2ATG161,
LPLIPAL2ATG180,2774337886
LPLIPAL2ATG181,
LPLIPAL2E120,
LPLIPAL2E140,
LPLIPAL2E141,
LPLIPAL2E160,2774337929
LPLIPAL2E161,
LPLIPAL2E180,2774337948
LPLIPAL2E181,
LPLIPAL2G120,
LPLIPAL2G140,
LPLIPAL2G141,
LPLIPAL2G160,2774337984
LPLIPAL2G161,
LPLIPAL2G180,2774338001
LPLIPAL2G181,
LSERDHr,2592834075
LYSDC,1569833615
LYSTRS,
LYSabcpp,
LYSt2pp,
LYSt3pp,
LYStex,
LYXI,1569815310
LYXt2pp,
LYXtex,
M1PD,2593005327
MACPD,
MALCOAMT,1570029674
MALDDH,1569811205
MALDt2_2pp,
MALDtex,
MALS,1569826013
MALTATr,
MALTHXabcpp,
MALTHXtexi,
MALTPTabcpp,
MALTPTtexi,
MALTTRabcpp,
MALTTRtexi,
MALTTTRabcpp,
MALTTTRtexi,
MALTabcpp,
MALTptspp,
MALTtexi,
MALt2_2pp,
MALt2_3pp,
MALt3pp,
MALtex,
MAN1PT2,1569810983
MAN6PI,2070046590
MAN6Pt6_2pp,
MAN6Ptex,
MANAO,2592806797
MANGLYCptspp,1569911954
MANGLYCtex,
MANPGH,1569743530
MANptspp,1569822376
MANtex,
MCITD,1569699383
MCITL2,1569659615
MCITS,1569820256
MCOATA,
MCPST,
MCTP1App,
MCTP1Bpp,
MCTP2App,
MDDCP1pp,
MDDCP2pp,
MDDCP3pp,
MDDCP4pp,
MDDCP5pp,
MDDEP1pp,
MDDEP2pp,
MDDEP3pp,
MDDEP4pp,
MDH,2592790002
MDH2,1569811163
MDH3,1569811179
ME1,1569811205
ME2,1569826221
MECDPDH5,
MECDPS,
MELIBt2pp,
MELIBt3ipp,
MELIBtex,
MEOHtex,
MEOHtrpp,
MEPCT,1569711408
METAT,1569657239
METDabcpp,
METDtex,
METOX1s,1569911988
METOX2s,1569911988
METS,1569665539
METSOX1abcpp,
METSOX1tex,
METSOX2abcpp,
METSOX2tex,
METSOXR1,1569676601
METSOXR2,1569676601
METTRS,
METabcpp,
METtex,
MG2t3_2pp,
MG2tex,
MG2tpp,
MG2uabcpp,
MGSA,2070031817
MI1PP,1570012751
MICITDr,1569699395
MINCYCtex,
MINCYCtpp,
MINOHPtexi,
MLDCP1App,
MLDCP1Bpp,
MLDCP2App,
MLDCP2Bpp,
MLDCP3App,
MLDEP1pp,
MLDEP2pp,
MLTG1,
MLTG2,1737189736
MLTG3,
MLTG4,
MLTG5,1569706066
MLTGY1pp,
MLTGY2pp,
MLTGY3pp,
MLTGY4pp,
MLTP1,
MLTP2,
MLTP3,
MMCD,1569811636
MMETt2pp,
MMETtex,
MMM,1569664270
MN2t3pp,
MN2tpp,
MN6PP,
MNLptspp,1569913097
MNLtex,
MNNH,
MNt2pp,
MNtex,
MOADSUx,
MOAT,
MOAT2,
MOAT3C,
MOBDabcpp,
MOBDtex,
MOCDS,
MOCOS,
MOGDS,
MOHMT,1569668527
MOX,1569659180
MPTAT,1569850398
MPTG,
MPTG2,
MPTS,
MPTSS,
MSAR,2592856631
MSO3abcpp,
MSO3tex,
MTAN,1569670498
MTHFC,2592800702
MTHFD,2592797435
MTHFR2,2592841283
MTHTHFSs,1569858042
MTRPOX,1556589617
N2Otex,
N2Otpp,
NACODA,1569811931
NACtex,
NACtpp,
NADDP,1569656535
NADH10,2602994214
NADH16pp,
NADH17pp,
NADH18pp,
NADH5,2603085380
NADH9,1569848199
NADK,2592787910
NADN,2592941401
NADPHQR2,1569845814
NADPHQR3,1569845828
NADPHQR4,1569848213
NADPPPS,
NADS1,2070074454
NADTRHD,2592787992
NAMNPP,1569912280
NAt3_1p5pp,
NAt3_2pp,
NAt3pp,
NAtex,
NDPK1,1569658808
NDPK2,1569657104
NDPK3,1569661306
NDPK4,2592803878
NDPK5,1569674948
NDPK6,1569679525
NDPK7,2592805797
NDPK8,2592796753
NH4tex,
NH4tpp,
NHFRBO,
NI2abcpp,
NI2t3pp,
NI2tex,
NI2tpp,
NI2uabcpp,
NMNAT,1569656900
NMNDA,
NMNN,1569912396
NMNPtpp,
NMNt7pp,1569912396
NMNtex,
NNAM,
NNATr,2592811269
NNDMBRT,2592819802
NNDPR,1570028910
NO2t2rpp,
NO2tex,
NO3R1bpp,2786367338
NO3R1pp,
NO3R2bpp,2774340580
NO3R2pp,
NO3t7pp,
NO3tex,
NODOx,
NODOy,
NOVBCNtex,
NOVBCNtpp,
NOtex,
NOtpp,
NTD1,
NTD10,
NTD10pp,
NTD11,
NTD11pp,
NTD12,2070047438
NTD12pp,2070047438
NTD1pp,
NTD2,
NTD2pp,
NTD3,
NTD3pp,
NTD4,
NTD4pp,
NTD5,
NTD5pp,
NTD6,
NTD6pp,
NTD7,
NTD7pp,
NTD8,
NTD8pp,
NTD9,1569918275
NTD9pp,1569918275
NTP1,2593008382
NTP10,1569844176
NTP11,
NTP12,1570011386
NTP3,1569904692
NTP3pp,1569904692
NTP5,1569923349
NTPP1,2592802259
NTPP10,1569691222
NTPP11,1569683523
NTPP2,2592790760
NTPP3,
NTPP4,
NTPP5,1569832649
NTPP6,1569656343
NTPP7,1569760917
NTPP8,2592792793
NTPP9,
NTPTP1,2774340985
NTPTP2,2774341002
NTRIR2x,2592793994
NTRIR3pp,
NTRIR4pp,2774341074
O16A4COLIPAabctex,
O16A4Lpp,
O16AP1pp,
O16AP2pp,
O16AP3pp,
O16AT,2740296616
O16AUNDtpp,
O16GALFT,2735849094
O16GLCT1,2683482923
O16GLCT2,
O2Stex,
O2tex,
O2tpp,
OAADC,1569819630
OBTFL,1569720491
OCBT,1570034359
OCDCAtexi,
OCDCEAtexi,
OCTAtex,
OCTDPS,1569739902
OCTNLL,
OGMEACPD,
OGMEACPR,
OGMEACPS,
OHPBAT,1569705563
OHPHM,2600358455
OMBZLM,
OMCDC,1569839635
OMMBLHX,2774500945
OMMBLHX3,2774500956
OMPDC,1569912638
OMPHHX,1569813031
OMPHHX3,1569813132
OP4ENH,1559852508
OPHBDC,1569843027
OPHHX,1570000196
OPHHX3,1569912668
OPMEACPD,
OPMEACPR,
OPMEACPS,
ORNDC,1569835354
ORNabcpp,
ORNtex,
OROTt2_2pp,
OROTtex,
ORPT,1569675096
OXAMTC,
OXCDC,1569828977
OXCOAHDH,1569857324
OXDHCOAT,1569745521
P5CD,2592793244
P5CR,2592797739
PA120abcpp,
PA140abcpp,
PA141abcpp,
PA160abcpp,
PA161abcpp,
PA180abcpp,
PA181abcpp,
PACALDt2rpp,
PACALDtex,
PACCOAE,
PACCOAL,
PANTS,2592807035
PAPA120,
PAPA120pp,
PAPA140,
PAPA140pp,
PAPA141,
PAPA141pp,
PAPA160,
PAPA160pp,
PAPA161,
PAPA161pp,
PAPA180,
PAPA180pp,
PAPA181,
PAPA181pp,
PAPPT3,1569711357
PAPSR,
PAPSR2,
PDE1,2592788690
PDE4,2592797597
PDH,1569835498
PDX5PO2,2594086561
PDX5POi,1569658407
PDX5PS,2774342547
PDXPP,
PE120abcpp,
PE140abcpp,
PE141abcpp,
PE160abcpp,
PE161abcpp,
PE180abcpp,
PE181abcpp,
PEAMNOpp,1569839936
PEAMNtex,
PERD,2592820250
PETNT161pp,
PETNT181pp,
PFK,2070046532
PFK_2,1569663449
PFK_3,1569674858
PFL,1569657711
PG120abcpp,
PG140abcpp,
PG141abcpp,
PG160abcpp,
PG161abcpp,
PG180abcpp,
PG181abcpp,
PGAMT,1569676933
PGCD,2592799638
PGI,2070046590
PGK,2070031903
PGL,1569811526
PGLYCP,
PGM,2592799679
PGMT,1569665667
PGP120abcpp,
PGP140abcpp,
PGP141abcpp,
PGP160abcpp,
PGP161abcpp,
PGP180abcpp,
PGP181abcpp,
PGPP120,
PGPP120pp,
PGPP140,
PGPP140pp,
PGPP141,
PGPP141pp,
PGPP160,
PGPP160pp,
PGPP161,
PGPP161pp,
PGPP180,
PGPP180pp,
PGPP181,
PGPP181pp,
PGSA120,
PGSA140,
PGSA141,
PGSA160,
PGSA161,
PGSA180,
PGSA181,
PHEMEabcpp,
PHEMEtiex,
PHETA1,2592793096
PHETRS,
PHEt2rpp,
PHEtex,
PHYTSpp,1737779693
PIt2rpp,
PItex,
PIuabcpp,
PLIPA1A120pp,
PLIPA1A140pp,
PLIPA1A141pp,
PLIPA1A160pp,
PLIPA1A161pp,
PLIPA1A180pp,
PLIPA1A181pp,
PLIPA1E120pp,
PLIPA1E140pp,
PLIPA1E141pp,
PLIPA1E160pp,2774344181
PLIPA1E161pp,
PLIPA1E180pp,2774344200
PLIPA1E181pp,
PLIPA1G120pp,
PLIPA1G140pp,
PLIPA1G141pp,
PLIPA1G160pp,2774344236
PLIPA1G161pp,
PLIPA1G180pp,2774344262
PLIPA1G181pp,
PLIPA2A120pp,
PLIPA2A140pp,
PLIPA2A141pp,
PLIPA2A160pp,
PLIPA2A161pp,
PLIPA2A180pp,
PLIPA2A181pp,
PLIPA2E120pp,
PLIPA2E140pp,
PLIPA2E141pp,
PLIPA2E160pp,2774344360
PLIPA2E161pp,
PLIPA2E180pp,
PLIPA2E181pp,
PLIPA2G120pp,
PLIPA2G140pp,
PLIPA2G141pp,
PLIPA2G160pp,1569879117
PLIPA2G161pp,
PLIPA2G180pp,2774344408
PLIPA2G181pp,
PMANM,1569665667
PMDPHT,
PMEACPE,
PMPK,
PNTK,2592811409
PNTOt4pp,
PNTOtex,
POAACR,1569814197
POR5,
POX,1569814228
PPA,1569902657
PPA2,1736884056
PPAKr,
PPALtex,
PPALtpp,
PPAt4pp,
PPAtex,
PPBNGS,1569837515
PPC,1569835609
PPCDC,1569814292
PPCK,2070031670
PPCSCT,
PPGPPDP,1569658904
PPK,2774344784
PPK2,
PPM,1569666697
PPM2,1569683772
PPNCL2,
PPND,1569815414
PPNDH,1569814411
PPPGO,1569912885
PPPGO3,
PPPNDO,2592838196
PPPNt2rpp,
PPPNtex,
PPS,1569814506
PPTHpp,
PPTtex,
PRAGSr,1569938022
PRAIS,
PRAIi,1569690997
PRAMPC,
PRASCSi,1570016258
PRATPP,
PRFGS,
PRMICI,1569701579
PROD2,2592865557
PROGLYabcpp,
PROGLYtex,
PROTRS,
PROabcpp,
PROt2rpp,
PROt4pp,
PROtex,
PRPPS,1569666579
PSCLYSt2pp,
PSCLYStex,
PSCVT,2070032255
PSD120,
PSD140,
PSD141,
PSD160,2774345204
PSD161,
PSD180,2774345221
PSD181,
PSERT,2592819978
PSERtex,
PSP_L,
PSP_Lpp,
PSSA120,
PSSA140,
PSSA141,
PSSA160,
PSSA161,
PSSA180,
PSSA181,
PTA2,
PTAr,2070031616
PTHRpp,
PTPATi,1569686403
PTRCORNt7pp,
PTRCTA,1569667742
PTRCabcpp,
PTRCt2pp,
PTRCtex,
PUNP1,2070031927
PUNP2,2070032156
PUNP3,2070032061
PUNP4,2070032036
PUNP5,2070032004
PUNP6,2070032175
PUNP7,2070032107
PYAM5PO,2676118790
PYDAMK,2592807182
PYDAMtex,
PYDAMtpp,
PYDXK,2592788575
PYDXNK,1569675492
PYDXNtex,
PYDXNtpp,
PYDXPP,
PYDXtex,
PYDXtpp,
PYK,2592788797
PYNP2r,2070032019
PYROX,1569913025
PYRt2rpp,
PYRtex,
QMO2,
QMO3,
QUIN2tex,
QUIN2tpp,
QUINDH,2592802371
QULNS,2786368117
R15BPK,1569718888
R1PK,1655622420
R5PP,
R5PPpp,
R5Ptex,
RBFK,2592791869
RBFSa,1569918378
RBFSb,1569656144
RBK,1655510911
RBK_L1,2592948535
RBP4E,
REPHACCOAI,
RFAMPtex,
RFAMPtpp,
RHAT1,
RHCCE,
RIBabcpp,
RIBtex,
RMI,1569680602
RMK,2592811345
RMNtex,
RMNtpp,
RMPA,1569678835
RNDR1,2592803415
RNDR1b,
RNDR2,1569676508
RNDR2b,
RNDR3,2592803462
RNDR3b,
RNDR4,1569676492
RNDR4b,
RNTR1c2,
RNTR2c2,
RNTR3c2,
RNTR4c2,
RPE,
RPI,1569666687
RZ5PP,
S2FE2SR,
S2FE2SS,
S2FE2SS2,
S2FE2ST,
S4FE4SR,
S4FE4ST,
S7PI,2592830553
SADH,1737777536
SADT2,1569913078
SARCOX,1569661659
SBTPD,2593005327
SBTptspp,1569913097
SBTtex,
SCYSDS,
SDPDS,2592809178
SDPTA,2592822046
SELCYSS,
SELGTHR,2592857166
SELGTHR2,
SELGTHR3,
SELNPS,
SELR,1569857457
SELtex,
SELtpp,
SEPHCHCS,1569910761
SERASr,1569815578
SERAT,
SERD_D,2592789042
SERD_L,2592789042
SERTRS,
SERTRS2,
SERt2rpp,
SERt4pp,
SERtex,
SFGTHi,1569818110
SGDS,1569659641
SGSAD,2592826079
SHCHCS3,1569731062
SHCHD2,
SHCHF,
SHK3Dr,2592806474
SHKK,2592806459
SHSL1,1569917684
SKMt2pp,
SKMtex,
SLNTtex,
SLNTtpp,
SO2tex,
SO2tpp,
SO3tex,
SO4t2pp,
SO4tex,
SOTA,1569697564
SPMDAT1,1569815657
SPMDAT2,1569815703
SPMDabcpp,
SPMDt3pp,
SPMDtex,
SPMS,2594254849
SPODM,2786295102
SPODMpp,2786295102
SSALx,2592793349
SSALy,2592793370
SUCASPtpp,
SUCBZL,2070045231
SUCBZS,1569695766
SUCCt2_2pp,
SUCCt2_3pp,
SUCCt3pp,
SUCCtex,
SUCDi,
SUCFUMtpp,
SUCMALtpp,
SUCOAS,2592790607
SUCRtex,
SUCTARTtpp,
SUCptspp,
SULFACabcpp,
SULFACtex,
SULR,2592884568
SULabcpp,
T2DECAI,
TAGURr,
TALA,2774430437
TARTD,1569658946
TARTRDtex,
TARTRt7pp,
TARTRtex,
TARTt2_3pp,
TAUDO,1569708112
TAURabcpp,
TAURtex,
TCYNTtex,
TDP,1570009682
TDPADGAT,1569845204
TDPAGTA,1569684023
TDPDRE,
TDPDRR,2592809431
TDPGDH,1569716113
TDSK,
TDSR1,
TDSR2,
TGBPA,1569666824
THD2pp,
THDPS,2592821304
THFAT,1569815966
THIORDXi,2070019971
THMDt2pp_copy1,
THMDt2pp_copy2,
THMDtex,
THMabcpp,
THMtex,
THRA,
THRA2,
THRD,2592799277
THRD_L,1569666102
THRPtex,
THRS,
THRTRS,
THRabcpp,
THRt2pp,
THRt2rpp,
THRt4pp,
THRtex,
THYMt3pp,
THYMtex,
THZPSN3,
TKT1,1569672974
TKT2,2070021771
TMAOR1,2774351490
TMAOR1pp,2774351490
TMAOR2,2774351509
TMAOR2pp,2774351509
TMAOtex,
TMAtex,
TMDK1,2592800061
TMDPP,2070031941
TMDS,1569677363
TMK,2592804268
TMPK,
TMPPP,
TPI,1569666262
TPRDCOAS,1569743822
TRDR,2592803398
TRE6PH,1569664328
TRE6PP,
TRE6PS,1569664314
TREH,2592787236
TREHpp,2592787236
TREptspp,1569913410
TREtex,
TRPAS2,
TRPS1,1569683539
TRPS2,1569662395
TRPS3,1569679611
TRPTRS,
TRPt2rpp,
TRPtex,
TRSARr,2592801433
TSULabcpp,
TSULtex,
TTDCAtexi,
TTDCEAtexi,
TTRCYCtex,
TTRCYCtpp,
TUNGSabcpp,
TUNGStex,
TYMtex,
TYRL,1569816244
TYROXDApp,1569816285
TYRPpp,1570012866
TYRPtex,
TYRTA,2592793603
TYRTRS,
TYRt2rpp,
TYRtex,
ThDPAT,1570028300
U23GAAT,
UAAGDS,2070032191
UACGALPpp,2786238467
UACGAMPpp,2786238467
UACGAMtex,
UACMAMO,2592790711
UAG2E,
UAGAAT,
UAGCVT,2070031731
UAGDP,2592790669
UAGPT3,
UAMAGS,1570016966
UAMAS,1570016174
UAPGR,2592812756
UDCPDP,
UDCPDPS,
UDCPDPpp,
UDCPPtppi,
UDPACGALtex,
UDPG4E,
UDPGALM,1569660496
UDPGALPpp,2592789600
UDPGALtex,
UDPGD,2592789581
UDPGDC,1569816505
UDPGLCURtex,
UDPGPpp,2592789600
UDPGtex,
UDPKAAT,1569726048
UGLCURPpp,2600155821
UGLT,
UGLYCH,1569830342
UGMDDS,
UHGADA,1569701068
ULA4NFT,1569726062
ULA4Ntppi,
UM3PL,
UM4PCP,
UM4PL,
UMPK,1569657131
UMPtex,
UPLA4FNF,
UPLA4FNT,2774352535
UPP3MT,1569816639
UPP3S,1569687535
UPPDC1,1737779526
UPPRT,2592795436
URACPAH,1570013973
URAt2pp_copy1,
URAt2pp_copy2,
URAtex,
URDGLYCD,2592810607
UREAtex,
UREAtpp,
URIC,
URIH,1569819529
URIK2,2592795465
URIt2pp_copy1,
URIt2pp_copy2,
URItex,
USHD,2592822484
VALTA,1569668394
VALTRS,
VALabcpp,
VALt2rpp,
VALtex,
VPAMTr,1569668411
WCOS,
X5PL3E,
XAND,2592804012
XANt2pp,
XANtex,
XANtpp,
XMPtex,
XPPT,1569677699
XTSNH,1569843570
XTSNt2rpp,
XTSNtex,
XYLI1,1569804001
XYLI2,1569816697
XYLK,2592948535
XYLK2,2592948535
XYLUt2pp,
XYLUtex,
XYLabcpp,
XYLt2pp,
XYLtex,
ZN2abcpp,
ZN2t3pp,
ZN2tpp,
ZNabcpp,
Zn2tex,